{
  "arms": [
    "frozen_belief",
    "oracle_parameters"
  ],
  "burned_seed_range": [
    7490001,
    7490256
  ],
  "claim_status": "EXPLORATORY_NO_CLAIM",
  "created_at": "2026-07-21T01:09:17.330803+00:00",
  "elapsed_seconds": 4.036243790993467,
  "n_tapes": 1,
  "particles": 4,
  "results": {
    "scenario": {
      "rows": {
        "rho75_share90": {
          "frozen_belief": {
            "calendar": [
              [
                1,
                0,
                0,
                2,
                3,
                0,
                3,
                3
              ]
            ],
            "gross_production_quantity": [
              120000.0
            ],
            "lost_orders": [
              0.0
            ],
            "online_ms": [
              661.6128330060747
            ],
            "ret_visible": [
              0.8333377852681509
            ],
            "worst_product_fill": [
              0.9258968801688245
            ]
          },
          "oracle_parameters": {
            "calendar": [
              [
                1,
                0,
                0,
                2,
                3,
                0,
                3,
                3
              ]
            ],
            "gross_production_quantity": [
              120000.0
            ],
            "lost_orders": [
              0.0
            ],
            "online_ms": [
              639.9387499841396
            ],
            "ret_visible": [
              0.8333377852681509
            ],
            "worst_product_fill": [
              0.9258968801688245
            ]
          }
        },
        "rho90_share75": {
          "frozen_belief": {
            "calendar": [
              [
                1,
                0,
                1,
                0,
                3,
                3,
                3,
                2
              ]
            ],
            "gross_production_quantity": [
              120000.0
            ],
            "lost_orders": [
              0.0
            ],
            "online_ms": [
              652.2485419991426
            ],
            "ret_visible": [
              0.8469190407290178
            ],
            "worst_product_fill": [
              1.0
            ]
          },
          "oracle_parameters": {
            "calendar": [
              [
                1,
                0,
                0,
                2,
                3,
                3,
                2,
                2
              ]
            ],
            "gross_production_quantity": [
              120000.0
            ],
            "lost_orders": [
              0.0
            ],
            "online_ms": [
              638.8141659845132
            ],
            "ret_visible": [
              0.8629464413743481
            ],
            "worst_product_fill": [
              1.0
            ]
          }
        },
        "rho90_share90": {
          "frozen_belief": {
            "calendar": [
              [
                1,
                0,
                0,
                2,
                3,
                0,
                3,
                3
              ]
            ],
            "gross_production_quantity": [
              120000.0
            ],
            "lost_orders": [
              0.0
            ],
            "online_ms": [
              652.5745420076419
            ],
            "ret_visible": [
              0.8333377852681509
            ],
            "worst_product_fill": [
              0.9258968801688245
            ]
          },
          "oracle_parameters": {
            "calendar": [
              [
                1,
                0,
                0,
                1,
                3,
                3,
                3,
                3
              ]
            ],
            "gross_production_quantity": [
              120000.0
            ],
            "lost_orders": [
              0.0
            ],
            "online_ms": [
              646.2172080064192
            ],
            "ret_visible": [
              0.8381100726202293
            ],
            "worst_product_fill": [
              1.0
            ]
          }
        }
      },
      "summary": {
        "cells": {
          "rho75_share90": {
            "arms": {
              "frozen_belief": {
                "gross_production_quantity": 120000.0,
                "lost_orders": 0.0,
                "mean_online_ms": 661.6128330060747,
                "ret_visible": 0.8333377852681509,
                "worst_product_fill": 0.9258968801688245
              },
              "oracle_parameters": {
                "gross_production_quantity": 120000.0,
                "lost_orders": 0.0,
                "mean_online_ms": 639.9387499841396,
                "ret_visible": 0.8333377852681509,
                "worst_product_fill": 0.9258968801688245
              }
            },
            "estimands": {
              "c_missp": {
                "lcb95": NaN,
                "mean": 0.0
              }
            }
          },
          "rho90_share75": {
            "arms": {
              "frozen_belief": {
                "gross_production_quantity": 120000.0,
                "lost_orders": 0.0,
                "mean_online_ms": 652.2485419991426,
                "ret_visible": 0.8469190407290178,
                "worst_product_fill": 1.0
              },
              "oracle_parameters": {
                "gross_production_quantity": 120000.0,
                "lost_orders": 0.0,
                "mean_online_ms": 638.8141659845132,
                "ret_visible": 0.8629464413743481,
                "worst_product_fill": 1.0
              }
            },
            "estimands": {
              "c_missp": {
                "lcb95": NaN,
                "mean": 0.01602740064533026
              }
            }
          },
          "rho90_share90": {
            "arms": {
              "frozen_belief": {
                "gross_production_quantity": 120000.0,
                "lost_orders": 0.0,
                "mean_online_ms": 652.5745420076419,
                "ret_visible": 0.8333377852681509,
                "worst_product_fill": 0.9258968801688245
              },
              "oracle_parameters": {
                "gross_production_quantity": 120000.0,
                "lost_orders": 0.0,
                "mean_online_ms": 646.2172080064192,
                "ret_visible": 0.8381100726202293,
                "worst_product_fill": 1.0
              }
            },
            "estimands": {
              "c_missp": {
                "lcb95": NaN,
                "mean": 0.004772287352078353
              }
            }
          }
        },
        "pooled": {
          "c_missp": {
            "lcb95": 0.0,
            "mean": 0.006933229332469537
          }
        },
        "verdict": "CRACK_INCONCLUSIVE"
      }
    }
  },
  "schema_version": "program_t_d1_belief_misspecification_v1"
}
