best_excel_policy,best_excel_ret_excel,best_reward_excel_gap,best_reward_policy,best_reward_ret_excel,n_policies,passes_excel_monotonicity,passes_reward_gate,passes_service_monotonicity,profile,reward_mode,spearman_reward_cd_sigmoid,spearman_reward_flow_fill,spearman_reward_neg_lost_rate,spearman_reward_neg_resource,spearman_reward_neg_service_loss_auc,spearman_reward_ret_excel
S3_I168,0.0014224460967496406,0.0,S3_I168,0.0014224460967496406,18,True,True,True,envb_frontier_v2,control_v1,nan,0.8366492146596858,0.8366492146596858,-0.6205985503885186,0.719371727748691,0.7403141361256543
S3_I168,0.0014224460967496406,0.0,S3_I168,0.0014224460967496406,18,True,True,True,envb_frontier_v2,control_v2,nan,0.8408376963350784,0.8408376963350784,-0.610203264787371,0.706806282722513,0.7382198952879581
S3_I168,0.0014224460967496406,0.0,S3_I168,0.0014224460967496406,18,True,True,True,envb_frontier_v2,ReT_garrido2024_raw,nan,0.48961795181405743,0.5166456943770414,-0.12899896800825592,0.3835860386823507,0.49169700893428697
