{
  "authorization": {
    "h_obs": false,
    "learner": false,
    "paper2": false,
    "paper3": false,
    "virgin_tapes": false
  },
  "cell_results": [
    {
      "best_static_calendar": [
        "RESERVE_A",
        "RESERVE_A",
        "RESERVE_B",
        "RESERVE_B",
        "RESERVE_B",
        "RESERVE_B",
        "RESERVE_A",
        "RESERVE_A"
      ],
      "best_static_calendar_index": 60,
      "cell": {
        "cell_id": "h50_d120_s70",
        "duration_hours": 120,
        "hazard": 0.5,
        "is_null": false,
        "sensitivity": 0.7,
        "specificity": 0.8
      },
      "cell_id": "h50_d120_s70",
      "h_pi_per_tape": [
        0.09359594833060314,
        0.021366622360822873,
        0.0,
        0.04947435853452853,
        0.0001239689837908564,
        9.832285470379176e-05,
        0.038015749237447743,
        0.0,
        0.00028645560388981806,
        0.1207088696443599,
        0.024136412497125115,
        6.215337540638188e-05,
        0.03643276964305947,
        0.02530953986723783,
        0.023963866225934716,
        0.025427667095275275,
        0.021055519410783374,
        0.00012073079157326472,
        0.05301286683947065,
        0.0,
        0.09312286974353262,
        0.0,
        0.0,
        0.030685317995810896
      ],
      "observed_h_pi": 0.02737500037647318,
      "oracle_calendar_indices": [
        0,
        68,
        52,
        65,
        0,
        6,
        64,
        24,
        34,
        113,
        16,
        8,
        73,
        0,
        48,
        20,
        33,
        4,
        0,
        40,
        14,
        16,
        12,
        1
      ],
      "passes_h_pi_gate": false,
      "simultaneous_lcb95": 0.009006262634792352,
      "unique_oracle_calendars": 20
    },
    {
      "best_static_calendar": [
        "RESERVE_A",
        "RESERVE_A",
        "RESERVE_B",
        "RESERVE_B",
        "RESERVE_B",
        "RESERVE_B",
        "RESERVE_A",
        "RESERVE_A"
      ],
      "best_static_calendar_index": 60,
      "cell": {
        "cell_id": "h50_d120_s85",
        "duration_hours": 120,
        "hazard": 0.5,
        "is_null": false,
        "sensitivity": 0.85,
        "specificity": 0.9
      },
      "cell_id": "h50_d120_s85",
      "h_pi_per_tape": [
        0.09359594833060314,
        0.021366622360822873,
        0.0,
        0.04947435853452853,
        0.0001239689837908564,
        9.832285470379176e-05,
        0.038015749237447743,
        0.0,
        0.00028645560388981806,
        0.1207088696443599,
        0.024136412497125115,
        6.215337540638188e-05,
        0.03643276964305947,
        0.02530953986723783,
        0.023963866225934716,
        0.025427667095275275,
        0.021055519410783374,
        0.00012073079157326472,
        0.05301286683947065,
        0.0,
        0.09312286974353262,
        0.0,
        0.0,
        0.030685317995810896
      ],
      "observed_h_pi": 0.02737500037647318,
      "oracle_calendar_indices": [
        0,
        68,
        52,
        65,
        0,
        6,
        64,
        24,
        34,
        113,
        16,
        8,
        73,
        0,
        48,
        20,
        33,
        4,
        0,
        40,
        14,
        16,
        12,
        1
      ],
      "passes_h_pi_gate": false,
      "simultaneous_lcb95": 0.009006262634792352,
      "unique_oracle_calendars": 20
    },
    {
      "best_static_calendar": [
        "RESERVE_A",
        "RESERVE_A",
        "RESERVE_B",
        "RESERVE_B",
        "RESERVE_B",
        "RESERVE_B",
        "RESERVE_A",
        "RESERVE_B"
      ],
      "best_static_calendar_index": 61,
      "cell": {
        "cell_id": "h75_d120_s70",
        "duration_hours": 120,
        "hazard": 0.75,
        "is_null": false,
        "sensitivity": 0.7,
        "specificity": 0.8
      },
      "cell_id": "h75_d120_s70",
      "h_pi_per_tape": [
        0.0701208379317223,
        0.1109859893087986,
        0.02082520214983885,
        0.06663849387815876,
        0.00011037517164452781,
        9.212624041110562e-05,
        0.08395638651117523,
        0.0,
        0.00028645560388981806,
        0.1188130256614659,
        0.07846940905630984,
        6.780368226155797e-05,
        0.027800237596569022,
        0.028291799894328618,
        0.03307306288158729,
        0.03460502113866459,
        0.0,
        0.06304655252491997,
        0.03144789888914873,
        0.08842200265019029,
        0.07153095158718834,
        0.014325391531155196,
        0.010048755263106668,
        0.03458961902508326
      ],
      "observed_h_pi": 0.04114780825740077,
      "oracle_calendar_indices": [
        5,
        196,
        116,
        65,
        16,
        22,
        72,
        25,
        34,
        113,
        80,
        13,
        73,
        1,
        48,
        20,
        33,
        4,
        89,
        120,
        11,
        20,
        12,
        1
      ],
      "passes_h_pi_gate": true,
      "simultaneous_lcb95": 0.02277907051571994,
      "unique_oracle_calendars": 22
    },
    {
      "best_static_calendar": [
        "RESERVE_A",
        "RESERVE_A",
        "RESERVE_B",
        "RESERVE_B",
        "RESERVE_B",
        "RESERVE_B",
        "RESERVE_A",
        "RESERVE_B"
      ],
      "best_static_calendar_index": 61,
      "cell": {
        "cell_id": "h75_d120_s85",
        "duration_hours": 120,
        "hazard": 0.75,
        "is_null": false,
        "sensitivity": 0.85,
        "specificity": 0.9
      },
      "cell_id": "h75_d120_s85",
      "h_pi_per_tape": [
        0.0701208379317223,
        0.1109859893087986,
        0.02082520214983885,
        0.06663849387815876,
        0.00011037517164452781,
        9.212624041110562e-05,
        0.08395638651117523,
        0.0,
        0.00028645560388981806,
        0.1188130256614659,
        0.07846940905630984,
        6.780368226155797e-05,
        0.027800237596569022,
        0.028291799894328618,
        0.03307306288158729,
        0.03460502113866459,
        0.0,
        0.06304655252491997,
        0.03144789888914873,
        0.08842200265019029,
        0.07153095158718834,
        0.014325391531155196,
        0.010048755263106668,
        0.03458961902508326
      ],
      "observed_h_pi": 0.04114780825740077,
      "oracle_calendar_indices": [
        5,
        196,
        116,
        65,
        16,
        22,
        72,
        25,
        34,
        113,
        80,
        13,
        73,
        1,
        48,
        20,
        33,
        4,
        89,
        120,
        11,
        20,
        12,
        1
      ],
      "passes_h_pi_gate": true,
      "simultaneous_lcb95": 0.02277907051571994,
      "unique_oracle_calendars": 22
    },
    {
      "best_static_calendar": [
        "RESERVE_A",
        "RESERVE_A",
        "RESERVE_B",
        "RESERVE_B",
        "RESERVE_B",
        "RESERVE_A",
        "RESERVE_A",
        "RESERVE_A"
      ],
      "best_static_calendar_index": 56,
      "cell": {
        "cell_id": "h75_d72_s70",
        "duration_hours": 72,
        "hazard": 0.75,
        "is_null": false,
        "sensitivity": 0.7,
        "specificity": 0.8
      },
      "cell_id": "h75_d72_s70",