{
  "contract": "configs/garrido_learning_v1.json",
  "n_cells": 1080,
  "best_fixed_global": {
    "policy": [
      "I336",
      2
    ],
    "ret_excel": 0.008514046262445996,
    "fill_qty": 0.9944046508511254,
    "backlog_auc": 374893.7166666667,
    "shift_hours_per_week": 96.0
  },
  "best_fixed_by_family": {
    "R1": {
      "policy": [
        "I168",
        3
      ],
      "ret_excel": 0.008984447682637987
    },
    "R2": {
      "policy": [
        "I336",
        2
      ],
      "ret_excel": 0.008278907328820567
    },
    "mixed": {
      "policy": [
        "I336",
        3
      ],
      "ret_excel": 0.008370466410501154
    }
  },
  "clairvoyant_per_tape_bound_NOT_A_BASELINE": 0.008745158610106173,
  "clairvoyant_minus_best_fixed": 0.00023111234766017702,
  "policy_means": {
    "('B0', 1)": {
      "ret_excel": 0.00516264502010739,
      "fill_qty": 0.637398827274836,
      "backlog_auc": 18157332.233333334,
      "shift_hours_per_week": 48.0
    },
    "('B0', 2)": {
      "ret_excel": 0.008180938370097113,
      "fill_qty": 0.9940836016208098,
      "backlog_auc": 2787921.8833333333,
      "shift_hours_per_week": 96.0
    },
    "('B0', 3)": {
      "ret_excel": 0.008175533889787158,
      "fill_qty": 0.9949471991940366,
      "backlog_auc": 2558106.85,
      "shift_hours_per_week": 144.0
    },
    "('I168', 1)": {
      "ret_excel": 0.008463892220133194,
      "fill_qty": 0.9943102554506645,
      "backlog_auc": 391597.51666666666,
      "shift_hours_per_week": 48.0
    },
    "('I168', 2)": {
      "ret_excel": 0.008447752063536361,
      "fill_qty": 0.9947548050402303,
      "backlog_auc": 444259.93333333335,
      "shift_hours_per_week": 96.0
    },
    "('I168', 3)": {
      "ret_excel": 0.008373971669234941,
      "fill_qty": 0.9939613191884746,
      "backlog_auc": 537575.7333333333,
      "shift_hours_per_week": 144.0
    },
    "('I336', 1)": {
      "ret_excel": 0.0084645365746032,
      "fill_qty": 0.9939660023200663,
      "backlog_auc": 403745.51666666666,
      "shift_hours_per_week": 48.0
    },
    "('I336', 2)": {
      "ret_excel": 0.008514046262445996,
      "fill_qty": 0.9944046508511254,
      "backlog_auc": 374893.7166666667,
      "shift_hours_per_week": 96.0
    },
    "('I336', 3)": {
      "ret_excel": 0.008492438459306844,
      "fill_qty": 0.9943501620896701,
      "backlog_auc": 431210.35,
      "shift_hours_per_week": 144.0
    },
    "('I504', 1)": {
      "ret_excel": 0.0084694438328613,
      "fill_qty": 0.9941248876544496,
      "backlog_auc": 399055.35,
      "shift_hours_per_week": 48.0
    },
    "('I504', 2)": {
      "ret_excel": 0.008419078543735053,
      "fill_qty": 0.9943103762196566,
      "backlog_auc": 460326.38333333336,
      "shift_hours_per_week": 96.0
    },
    "('I504', 3)": {
      "ret_excel": 0.008428549269950413,
      "fill_qty": 0.994230825170309,
      "backlog_auc": 456900.5333333333,
      "shift_hours_per_week": 144.0
    },
    "('I672', 1)": {
      "ret_excel": 0.008469861092876426,
      "fill_qty": 0.9941248876544496,
      "backlog_auc": 399014.31666666665,
      "shift_hours_per_week": 48.0
    },
    "('I672', 2)": {
      "ret_excel": 0.00843176651696145,
      "fill_qty": 0.993957174384087,
      "backlog_auc": 483740.15,
      "shift_hours_per_week": 96.0
    },
    "('I672', 3)": {
      "ret_excel": 0.008430342898395416,
      "fill_qty": 0.995036556448809,
      "backlog_auc": 444335.73333333334,
      "shift_hours_per_week": 144.0
    },
    "('I1344', 1)": {
      "ret_excel": 0.008469861092876426,
      "fill_qty": 0.9941248876544496,
      "backlog_auc": 399014.31666666665,
      "shift_hours_per_week": 48.0
    },
    "('I1344', 2)": {
      "ret_excel": 0.00842241078435563,
      "fill_qty": 0.9939572328475487,
      "backlog_auc": 497407.05,
      "shift_hours_per_week": 96.0
    },
    "('I1344', 3)": {
      "ret_excel": 0.008450456178257607,
      "fill_qty": 0.9944867909832543,
      "backlog_auc": 431357.13333333336,
      "shift_hours_per_week": 144.0
    }
  }
}