{
  "calibration_sha256": "31251a1a96362d944bfce2a5f4815d2558d6a524fcddc68a5c05818d655c1392",
  "clip": 10.0,
  "fields": [
    "buffer_level_fraction",
    "effective_shift_fraction",
    "pending_shift_fraction",
    "raw_material_wdc",
    "raw_material_al",
    "rations_al",
    "rations_sb",
    "rations_sb_dispatch",
    "rations_cssu",
    "rations_theatre",
    "pending_batch",
    "in_transit",
    "pending_backorder_qty",
    "pending_backorder_count",
    "oldest_backorder_age_hours",
    "previous_week_demanded",
    "previous_week_produced",
    "previous_week_delivered",
    "rolling_fill_rate_4w",
    "previous_week_capacity_utilization",
    "fraction_operations_down",
    "previous_week_downtime_hours",
    "week_phase_sin",
    "week_phase_cos"
  ],
  "mean": [
    0.5000000074505806,
    0.5096387553418803,
    0.5146434294871794,
    1817270.0451923078,
    392164.0282051282,
    815.1976495726495,
    457901.9382144765,
    0.0,
    0.0,
    0.0,
    2817.3115985576924,
    8801.95686431624,
    22640.015538194446,
    8.828245192307692,
    1510.4227564102564,
    15449.373878205128,
    22482.684461805555,
    14723.682525373932,
    0.9129844784711758,
    0.794352991195233,
    0.02357002039057895,
    91.03652291854199,
    0.0,
    0.0
  ],
  "std": [
    0.3415661680934759,
    0.3921172583057678,
    0.39070599254613253,
    467495.4488729053,
    418942.64087715425,
    1854.8721120929383,
    563974.4000875221,
    1.0,
    1.0,
    1.0,
    1699.5928199116072,
    4406.415564152676,
    48625.62162326824,
    18.98469260466736,
    3593.114384705343,
    1906.5890558697042,
    11133.743237537352,
    4608.127206285565,
    0.1607527767079841,
    0.2752172938835401,
    0.07001919515230248,
    147.1210705370081,
    0.7071091424242292,
    0.7071091424242293
  ]
}