{
  "adjacent_passing_pair_exists": true,
  "cells": [
    {
      "all_calendar_guardrails_identical": false,
      "all_calendar_ret_identical": false,
      "best_static_calendar": [
        "H_MAJOR",
        "C_MAJOR",
        "C_MAJOR",
        "C_MAJOR",
        "C_MAJOR",
        "C_MAJOR",
        "C_MAJOR",
        "C_MAJOR"
      ],
      "best_static_index": 128,
      "best_static_mean_ret": 0.6950979948212465,
      "calendar_count": 256,
      "cell_id": "rho75_share75",
      "complete_substitution": false,
      "favorable_tapes": 22,
      "mean_h_pi": 0.18588934318655767,
      "n_tapes": 24,
      "oracle_mean_ret": 0.8809873380078042,
      "oracle_minus_static_full_ret": 0.2475804256291115,
      "oracle_minus_static_unfulfilled_quantity": -8333.333333333334,
      "oracle_minus_static_worst_product_fill": 0.11581612717471941,
      "tape_hashes": [
        "afac59f963655e8e7a621d6e3bb746c196b36524edc16e7ec924916498c050a3",
        "736d7662bba75ac19c1946b8e9ad5b201105748fbacd3171430d88f9c8dcfd0b",
        "455d4ec202d73942d3190a4e5c246164772019554b8dcca3f436406b38808075",
        "52581e50762ef21cb99e7ad0b310e5df1c7006fe99e165e89e5344a34327c98c",
        "867c3f16b2017d5a99ca812fa93b778d6080085337c0903e3130cfb76c915baa",
        "46d6efadfe4577fa5efdd960c0d74b51579389903c97930b1cf2709995ef005e",
        "5e7d870101ce7dab73d534e5bb26c2c22ceaa20b78dfd8ee15493e59c48381ca",
        "10109ed93fbe47df9be38b72c13333584b69c259ba244a5af0fff61dfd16b9cc",
        "2376d8dd10993e6d34c6d5794887d4f3654b99e1f543b0c5b52f5b4341c3e990",
        "202eb4d30eb2cc53f5fba8cb896f7be2865ebee57b2721ea4ed8ce024dab51c7",
        "f093cd8fe08595dd99e0e5cbdf2a82f8b4c431f28f5d1c850ffc9d433cdef18e",
        "37866defc93b7cb53b851f018e8e8463ff557f268153400cd12e77cc7e8e11ab",
        "d47f02069cc8d2a2107b048929077171440a34eea06f4ccd4618e018eb44cf8d",
        "71c93bb62b5ff448fe345ea525e1131433f6146c98ae58c8a1ecc03a7aaeb2f7",
        "6f62623020466cbaec472c1239d4f86247b6bdc3150d1e337961e2310edc6541",
        "84678034851e2c037f90c6ae90b58a37521c7b5c98f97bad595dad37bb4ff30e",
        "c43ce519a4ab8417bc5fe74106770fb42812e0257616307d33ecf4ccfec3a7a0",
        "bc03b71cd767b0265e39eb4fec09ee9efb8e42c8f600e9be3f70d6385829633f",
        "1c419c5136bb491661d856c792f5fa8ff872fa8369d0edabe3e284fbe126d502",
        "dd49f4728f7e8734ee4d3d92ce913866d3e6649166aff3d7a29c85441a39b33e",
        "bf59fe93b159352227f1c4f9d51359698c261aaea7de6d0b60945c4b436f0ccf",
        "ceb604ee7e16bd9c98c87f2e561dac0763efa1f838a5d246590a892bec226768",
        "6daf63eb6243527a107d751fea0c88a4dc1d3439128b5857034f69b7e2501051",
        "a6b113d22d5b6a3ebf529be43165ee8bb02778f596feee8d295e81fb899e283f"
      ],
      "unique_oracle_calendars": 20
    },
    {
      "all_calendar_guardrails_identical": false,
      "all_calendar_ret_identical": false,
      "best_static_calendar": [
        "C_MAJOR",
        "C_MAJOR",
        "C_MAJOR",
        "H_MAJOR",
        "H_MAJOR",
        "H_MAJOR",
        "H_MAJOR",
        "H_MAJOR"
      ],
      "best_static_index": 31,
      "best_static_mean_ret": 0.5978868149703523,
      "calendar_count": 256,
      "cell_id": "rho75_share90",
      "complete_substitution": false,
      "favorable_tapes": 17,
      "mean_h_pi": 0.1566362589433537,
      "n_tapes": 24,
      "oracle_mean_ret": 0.7545230739137061,
      "oracle_minus_static_full_ret": 0.17863400118346653,
      "oracle_minus_static_unfulfilled_quantity": -2916.6666666666665,
      "oracle_minus_static_worst_product_fill": 0.037346465206205874,
      "tape_hashes": [
        "3e631e5b58f909863de29aeb32ddb590b96f92293c02f87111dca6ffaf1c0b2a",
        "dbb7beb816011cfaf869ac7d6d44f66696f581f64a2f9c0b98cd69d5de243aed",
        "57e3adc6f5dd9e5ef537b876e607db60b734a2aa9a68d5bce16d8cececdcfa0e",
        "edca1f2fea3713f5f58cffd858a8c97dc1f19f7d050a82ffb98d16528b88ba59",
        "907e58e1b5af6a5ea2c6195b7ece0b4345f33ffe807fadbc7216470f70259da0",
        "d923ca35a7a53dca96d068dc41bfdd2d925d0b468afe068a95006a48ddc68e6e",
        "023ae063728e5bba171208039a660c35e68740b289e3e4cb5861d5dd8b410842",
        "3bf414d64b177ffc18a19c6e682b01177d452d29551a434a6ecafba6f4734c29",
        "296460a35f8a4333f4d4d27b933e4594211390a9b0c6d3a121908a7100209249",
        "153ec567bb977757cc49a8cbe9fe1141f41743a11d49a98e942414b1b907af2d",
        "aa90f84834f2f500e2f8336c4f64d94a719263a602c943a9b2e4351851127d53",
        "91a3134d68be35195d9981b9c31fa045e680035e9e6b747e9591f328594100cd",
        "7f410365c9108c0957b8cb9e4fe1dc430b0f64c78ff1490872f3b4a612ed9fc4",
        "388aa5df9a4c4a3e92450fa605b8169856d453e165c0bdcc457ee2242081b58d",
        "e059a01d2244a2226f3f20f7168ca364e1d97c41c62749708f4a0cab56549bbd",
        "7fc7cc75ae441b0c34278183c044114da16b934b07d29bbcca14ed2f4f90e691",
        "150954cc4f86e023c86942d687cac49ffe05dc240f651946d949872bdb255b22",
        "ccd660a72e34d02e9836c52e693008880eb2a3b98c30c14ef610cf7a3818c9fa",
        "4072b6c97f3fe293bc68e592ddd90f47bfaf727512b6b5249e92091b8569efb0",
        "0483c0ee6123e5a60fd25d4dcfef761ddf819c976cdf647f5cb99fef577f33eb",
        "0e9141ddf0a45b30e5bf8b2dd24e8a1bb3ee457ac864abe409bed9c6f093331f",
        "ea44f71ba48a1889fdf341d559991c1eeea26efd5eab0996d4273457d3196673",
        "a364db422c6529a38657454468eb65a3a247cc590660210ffe96b305ada60ced",
        "a4364b6e7dc1337a2764510861595aff3215a33815f275a1cbf1eb6cbf014f79"
      ],
      "unique_oracle_calendars": 15
    },
    {
      "all_calendar_guardrails_identical": false,
      "all_calendar_ret_identical": false,
      "best_static_calendar": [
        "H_MAJOR",
        "H_MAJOR",
        "H_MAJOR",
        "H_MAJOR",
        "H_MAJOR",
        "H_MAJOR",
        "H_MAJOR",
        "H_MAJOR"
      ],
      "best_static_index": 255,
      "best_static_mean_ret": 0.6279254235614284,
      "calendar_count": 256,
      "cell_id": "rho90_share75",
      "complete_substitution": false,
      "favorable_tapes": 22,
      "mean_h_pi": 0.20707833758898508,
      "n_tapes": 24,
      "oracle_mean_ret": 0.8350037611504134,
      "oracle_minus_static_full_ret": 0.25307632431227217,
      "oracle_minus_static_unfulfilled_quantity": -10208.333333333334,
      "oracle_minus_static_worst_product_fill": 0.14282006623297752,