{
  "catalog_factors_not_exposed_are_not_screened": true,
  "confirmation_opened": false,
  "contract_id": "global_sensitivity_v1",
  "design_rows": 140,
  "design_sha256": "ad8f78795bb5a596c2a851451d7597ae16fb5052c20685d14019ec09e32ba372",
  "interpretation": "PHYSICAL_SENSITIVITY_ONLY_REQUIRES_COUNTERFACTUAL_BRANCHING",
  "metrics": {
    "backlog_auc_proxy": {
      "demand_level": {
        "mu": 360867.1034722223,
        "mu_star": 360867.1034722223,
        "n_effects": 20,
        "sigma": 94190.3860874928,
        "sign_stability": 1.0
      },
      "op3_inventory_target": {
        "mu": -0.02217028935750317,
        "mu_star": 0.026122718387179944,
        "n_effects": 20,
        "sigma": 0.06378713569066893,
        "sign_stability": 0.85
      },
      "op5_inventory_target": {
        "mu": -0.043173332214355445,
        "mu_star": 0.043208211263020824,
        "n_effects": 20,
        "sigma": 0.12381459396553025,
        "sign_stability": 0.95
      },
      "op9_inventory_target": {
        "mu": -0.23192816013558204,
        "mu_star": 0.2464543382109788,
        "n_effects": 20,
        "sigma": 0.3580229762639014,
        "sign_stability": 0.55
      },
      "risk_frequency_scale": {
        "mu": 21967.698437499996,
        "mu_star": 23077.78628472223,
        "n_effects": 20,
        "sigma": 33280.779069810844,
        "sign_stability": 0.7
      },
      "risk_impact_scale": {
        "mu": 16236.43506944445,
        "mu_star": 16815.264236111117,
        "n_effects": 20,
        "sigma": 24475.634838529357,
        "sign_stability": 0.75
      }
    },
    "flow_fill_rate": {
      "demand_level": {
        "mu": -0.5782517105970395,
        "mu_star": 0.5782517105970395,
        "n_effects": 20,
        "sigma": 0.10413851255938064,
        "sign_stability": 1.0
      },
      "op3_inventory_target": {
        "mu": 7.962542778449293e-08,
        "mu_star": 7.962542778449293e-08,
        "n_effects": 20,
        "sigma": 1.3984919593389114e-07,
        "sign_stability": 1.0
      },
      "op5_inventory_target": {
        "mu": 7.631182290797572e-08,
        "mu_star": 7.631182290797572e-08,
        "n_effects": 20,
        "sigma": 1.7151107864842672e-07,
        "sign_stability": 1.0
      },
      "op9_inventory_target": {
        "mu": 7.969980386064705e-07,
        "mu_star": 7.969980386064705e-07,
        "n_effects": 20,
        "sigma": 2.863379443249892e-07,
        "sign_stability": 1.0
      },
      "risk_frequency_scale": {
        "mu": -0.057456978336913656,
        "mu_star": 0.057471002557429,
        "n_effects": 20,
        "sigma": 0.038692321555861685,
        "sign_stability": 0.95
      },
      "risk_impact_scale": {
        "mu": -0.03901600931635342,
        "mu_star": 0.03903613048027446,
        "n_effects": 20,
        "sigma": 0.029162271556906563,
        "sign_stability": 0.9
      }
    },
    "lost_orders": {
      "demand_level": {
        "mu": 87.1888888888889,
        "mu_star": 87.1888888888889,
        "n_effects": 20,
        "sigma": 52.1092934133537,
        "sign_stability": 1.0
      },
      "op3_inventory_target": {
        "mu": -1.637776692708333e-05,
        "mu_star": 1.637776692708333e-05,
        "n_effects": 20,
        "sigma": 4.225810210746229e-05,
        "sign_stability": 1.0
      },
      "op5_inventory_target": {
        "mu": -4.0944417317708245e-06,
        "mu_star": 4.0944417317708245e-06,
        "n_effects": 20,
        "sigma": 1.1490122606724449e-05,
        "sign_stability": 1.0
      },
      "op9_inventory_target": {
        "mu": -0.00016851851851851853,
        "mu_star": 0.00016851851851851853,
        "n_effects": 20,
        "sigma": 0.00013643430833665067,
        "sign_stability": 1.0
      },
      "risk_frequency_scale": {
        "mu": 12.133333333333335,
        "mu_star": 12.133333333333335,
        "n_effects": 20,
        "sigma": 13.52599850805943,
        "sign_stability": 1.0
      },
      "risk_impact_scale": {
        "mu": 8.069444444444443,
        "mu_star": 8.069444444444443,
        "n_effects": 20,
        "sigma": 10.13209838292767,
        "sign_stability": 1.0
      }
    },
    "ret_excel": {
      "demand_level": {
        "mu": -0.003841627311778602,
        "mu_star": 0.003841627311778602,
        "n_effects": 20,
        "sigma": 0.0006578779506474318,
        "sign_stability": 1.0
      },
      "op3_inventory_target": {
        "mu": 1.0090545449222986e-09,
        "mu_star": 1.0090545449222986e-09,
        "n_effects": 20,
        "sigma": 1.6911235023966182e-09,
        "sign_stability": 1.0
      },
      "op5_inventory_target": {
        "mu": 1.1370372211595307e-09,
        "mu_star": 1.1370372211595307e-09,
        "n_effects": 20,
        "sigma": 2.28900576702864e-09,
        "sign_stability": 1.0
      },
      "op9_inventory_target": {
        "mu": 5.99450856508763e-09,
        "mu_star": 5.99450856508763e-09,
        "n_effects": 20,
        "sigma": 2.5784462367499918e-09,
        "sign_stability": 1.0
      },
      "risk_frequency_scale": {
        "mu": -0.0013145981441112817,
        "mu_star": 0.0013145981441112817,
        "n_effects": 20,
        "sigma": 0.0003086064148677931,
        "sign_stability": 1.0
      },
      "risk_impact_scale": {
        "mu": -0.0005305627162921006,
        "mu_star": 0.0005305627162921006,
        "n_effects": 20,
        "sigma": 0.0002868065318365275,
        "sign_stability": 1.0
      }
    },
    "service_loss_auc": {
      "demand_level": {
        "mu": 2736897492.49375,
        "mu_star": 2736897492.49375,
        "n_effects": 20,
        "sigma": 704913302.2902981,
        "sign_stability": 1.0
      },
      "op3_inventory_target": {
        "mu": -561.2153353500369,
        "mu_star": 561.2153353500369,
        "n_effects": 20,
        "sigma": 1109.64649826707,
        "sign_stability": 1.0
      },
      "op5_inventory_target": {
        "mu": -373.86112125396687,
        "mu_star": 385.0937881342571,
        "n_effects": 20,
        "sigma": 917.680505638062,
        "sign_stability": 0.9
      },
      "op9_inventory_target": {
        "mu": -3843.6572906994056,
        "mu_star": 3843.6572906994056,
        "n_effects": 20,
        "sigma": 1904.805790184971,
        "sign_stability": 1.0
      },
      "risk_frequency_scale": {
        "mu": 260171305.67291665,
        "mu_star": 260171305.67291665,
        "n_effects": 20,
        "sigma": 176979484.22576275,
        "sign_stability": 1.0
      },
      "risk_impact_scale": {
        "mu": 195062574.9291667,
        "mu_star": 195062574.9291667,
        "n_effects": 20,
        "sigma": 148101877.67790085,
        "sign_stability": 1.0
      }
    },
    "strategic_inventory": {
      "demand_level": {
        "mu": 0.0,
        "mu_star": 0.0,
        "n_effects": 20,
        "sigma": 0.0,
        "sign_stability": 1.0
      },
      "op3_inventory_target": {
        "mu": 1.0,
        "mu_star": 1.0,
        "n_effects": 20,
        "sigma": 8.370382552914134e-16,
        "sign_stability": 1.0
      },
      "op5_inventory_target": {
        "mu": 1.0,
        "mu_star": 1.0,
        "n_effects": 20,
        "sigma": 7.421424514210081e-16,
        "sign_stability": 1.0
      },
      "op9_inventory_target": {
        "mu": 1.0,
        "mu_star": 1.0,
        "n_effects": 20,
        "sigma": 6.3522652083276595e-16,
        "sign_stability": 1.0
      },
      "risk_frequency_scale": {
        "mu": 0.0,
        "mu_star": 0.0,
        "n_effects": 20,
        "sigma": 0.0,
        "sign_stability": 1.0
      },
      "risk_impact_scale": {
        "mu": 0.0,
        "mu_star": 0.0,
        "n_effects": 20,
        "sigma": 0.0,
        "sign_stability": 1.0
      }
    }
  },
  "n_factors_exposed_now": 6,
  "phase": "physical_sensitivity_only",
  "promote_to_rl": false,
  "resumable_checkpoint": "results/program_i/morris/partial_rows.jsonl",