{
 "gate": "G0_identity",
 "cell": "rho90_share90",
 "seed": 7430001,
 "static_index": 31743,
 "tolerance": 1e-09,
 "checks": {
  "ret_visible": {
   "episode": 0.5925467318001255,
   "custodied": 0.5925467318001254,
   "abs_diff": 1.1102230246251565e-16
  },
  "ret_visible_cvar10": {
   "episode": 0.430952380952381,
   "custodied": 0.430952380952381,
   "abs_diff": 0.0
  },
  "gross_production_quantity": {
   "episode": 120000.0,
   "custodied": 120000.0,
   "abs_diff": 0.0
  }
 },
 "pass": true
}