{
  "calibration_sha256": "bce7979355b0f42149b64f5bf6588ad40fb3d89d1d2b26421901e0c32e95f185",
  "clip": 10.0,
  "fields": [
    "buffer_level_fraction",
    "effective_shift_fraction",
    "pending_shift_fraction",
    "raw_material_wdc",
    "raw_material_al",
    "rations_al",
    "rations_sb",
    "rations_sb_dispatch",
    "rations_cssu",
    "rations_theatre",
    "pending_batch",
    "in_transit",
    "pending_backorder_qty",
    "pending_backorder_count",
    "oldest_backorder_age_hours",
    "previous_week_demanded",
    "previous_week_produced",
    "previous_week_delivered",
    "rolling_fill_rate_4w",
    "previous_week_capacity_utilization",
    "fraction_operations_down",
    "previous_week_downtime_hours",
    "week_phase_sin",
    "week_phase_cos"
  ],
  "mean": [
    0.5000000074505806,
    0.5056924412393162,
    0.5070379273504273,
    1756764.3260016025,
    398081.6282852564,
    174.25213675213675,
    589935.4299813034,
    0.0,
    0.0,
    0.0,
    2625.545282451923,
    4832.798731303419,
    11044.47843215812,
    4.30970219017094,
    731.6514194146945,
    15476.37280315171,
    24741.295412660256,
    15132.794611378205,
    0.9595298808277236,
    0.853725810470095,
    0.02040341538332331,
    79.76497239010611,
    0.0,
    0.0
  ],
  "std": [
    0.3415661680934759,
    0.384651832515339,
    0.38409753079697395,
    454476.2839535241,
    401728.30150647095,
    805.7592071368531,
    625111.7010032386,
    1.0,
    1.0,
    1.0,
    1705.7659422090567,
    4275.253442549613,
    36423.25886909574,
    14.224848250616523,
    2671.3863611074094,
    1907.3037769727214,
    11232.048717179576,
    4248.266935793332,
    0.11534753307863678,
    0.2186853680307098,
    0.04790695146603947,
    102.71868804280558,
    0.7071091424242292,
    0.7071091424242293
  ]
}