{
  "catalog_factors_not_exposed_are_not_screened": true,
  "confirmation_opened": false,
  "contract_id": "global_sensitivity_v1",
  "design_rows": 320,
  "design_sha256": "2e5db29cd863666c9643643e26a7a65181775db42683d90c15f7b18c7005380d",
  "interpretation": "PHYSICAL_SENSITIVITY_ONLY_REQUIRES_COUNTERFACTUAL_BRANCHING",
  "metrics": {
    "backlog_auc_proxy": {
      "demand_level": {
        "mu": 257098.18784722226,
        "mu_star": 257098.18784722226,
        "n_effects": 20,
        "sigma": 127694.02591439804,
        "sign_stability": 1.0
      },
      "op10_dispatch_period": {
        "mu": 2395.305989583333,
        "mu_star": 2451.64732349537,
        "n_effects": 20,
        "sigma": 3548.4021345758943,
        "sign_stability": 0.7
      },
      "op10_dispatch_quantity": {
        "mu": -11.174836002604167,
        "mu_star": 11.389161914062502,
        "n_effects": 20,
        "sigma": 25.422128627384282,
        "sign_stability": 0.75
      },
      "op12_dispatch_period": {
        "mu": 909.787731481482,
        "mu_star": 977.6359664351851,
        "n_effects": 20,
        "sigma": 2290.8691250127804,
        "sign_stability": 0.65
      },
      "op12_dispatch_quantity": {
        "mu": -10.966705664062506,
        "mu_star": 11.651371289062496,
        "n_effects": 20,
        "sigma": 25.49833028022193,
        "sign_stability": 0.7
      },
      "op3_inventory_target": {
        "mu": -0.0038079346550835393,
        "mu_star": 0.007415091196695871,
        "n_effects": 20,
        "sigma": 0.01781134344155006,
        "sign_stability": 0.8
      },
      "op3_order_quantity": {
        "mu": -0.06327316878980879,
        "mu_star": 0.06637985668789834,
        "n_effects": 20,
        "sigma": 0.2858809885492264,
        "sign_stability": 0.9
      },
      "op3_review_period": {
        "mu": 15.016779307208974,
        "mu_star": 15.738263682208956,
        "n_effects": 20,
        "sigma": 62.7038290131295,
        "sign_stability": 0.8
      },
      "op5_capacity_posture": {
        "mu": -4931.978645833335,
        "mu_star": 5319.378385416661,
        "n_effects": 20,
        "sigma": 15296.379762413228,
        "sign_stability": 0.75
      },
      "op5_inventory_target": {
        "mu": -0.009923975202772349,
        "mu_star": 0.014557882944742893,
        "n_effects": 20,
        "sigma": 0.04646831776190139,
        "sign_stability": 0.8
      },
      "op7_release_period": {
        "mu": 0.0,
        "mu_star": 0.0,
        "n_effects": 20,
        "sigma": 0.0,
        "sign_stability": 1.0
      },
      "op9_inventory_target": {
        "mu": -0.0087623015873016,
        "mu_star": 0.008825496031746044,
        "n_effects": 20,
        "sigma": 0.02128942716094514,
        "sign_stability": 0.95
      },
      "op9_release_period": {
        "mu": 853.6836733217593,
        "mu_star": 967.4715784143516,
        "n_effects": 20,
        "sigma": 2651.856551958411,
        "sign_stability": 0.75
      },
      "risk_frequency_scale": {
        "mu": 2813.1180555555634,
        "mu_star": 3369.3729166666717,
        "n_effects": 20,
        "sigma": 8331.516078566097,
        "sign_stability": 0.65
      },
      "risk_impact_scale": {
        "mu": 1734.5631944444376,
        "mu_star": 2657.650694444438,
        "n_effects": 20,
        "sigma": 8458.360673155186,
        "sign_stability": 0.65
      }
    },
    "flow_fill_rate": {
      "demand_level": {
        "mu": -0.48905715364325586,
        "mu_star": 0.48905715364325586,
        "n_effects": 20,
        "sigma": 0.17239016403682336,
        "sign_stability": 1.0
      },
      "op10_dispatch_period": {
        "mu": -0.00765134983555347,
        "mu_star": 0.007653429572920501,
        "n_effects": 20,
        "sigma": 0.008051861308686396,
        "sign_stability": 0.95
      },
      "op10_dispatch_quantity": {
        "mu": 6.101175515596664e-05,
        "mu_star": 6.1028693234425836e-05,
        "n_effects": 20,
        "sigma": 8.5965264982414e-05,
        "sign_stability": 0.95
      },
      "op12_dispatch_period": {
        "mu": -0.005519592067987335,
        "mu_star": 0.0055261454257678035,
        "n_effects": 20,
        "sigma": 0.007715121619560581,
        "sign_stability": 0.9
      },
      "op12_dispatch_quantity": {
        "mu": 5.742967337045488e-05,
        "mu_star": 5.746897677674879e-05,
        "n_effects": 20,
        "sigma": 6.936676827163105e-05,
        "sign_stability": 0.9
      },
      "op3_inventory_target": {
        "mu": 6.279819529227008e-08,
        "mu_star": 6.475030439182346e-08,
        "n_effects": 20,
        "sigma": 1.759713065408783e-07,
        "sign_stability": 0.85
      },
      "op3_order_quantity": {
        "mu": 7.699184086577126e-08,
        "mu_star": 1.0980489783640735e-07,
        "n_effects": 20,
        "sigma": 4.2594691947038055e-07,
        "sign_stability": 0.95
      },
      "op3_review_period": {
        "mu": -2.0838640786029997e-05,
        "mu_star": 2.1340834707431374e-05,
        "n_effects": 20,
        "sigma": 8.296871274261957e-05,
        "sign_stability": 0.9
      },
      "op5_capacity_posture": {
        "mu": 0.00915734141505347,
        "mu_star": 0.009262804931044425,
        "n_effects": 20,
        "sigma": 0.021019253183260665,
        "sign_stability": 0.8
      },
      "op5_inventory_target": {
        "mu": 7.736803401472726e-08,
        "mu_star": 7.772406579853107e-08,
        "n_effects": 20,
        "sigma": 1.8290900384745448e-07,
        "sign_stability": 0.95
      },
      "op7_release_period": {
        "mu": 0.0,
        "mu_star": 0.0,
        "n_effects": 20,
        "sigma": 0.0,
        "sign_stability": 1.0
      },
      "op9_inventory_target": {
        "mu": 6.108529521532904e-08,
        "mu_star": 6.108529521532904e-08,
        "n_effects": 20,
        "sigma": 2.250417773840327e-07,
        "sign_stability": 1.0
      },
      "op9_release_period": {
        "mu": -0.008199642715152578,
        "mu_star": 0.008199642715152578,
        "n_effects": 20,
        "sigma": 0.0065749725037186554,
        "sign_stability": 1.0
      },
      "risk_frequency_scale": {
        "mu": -0.03015199904017426,
        "mu_star": 0.03015199904017426,
        "n_effects": 20,
        "sigma": 0.01317317591591185,
        "sign_stability": 1.0
      },
      "risk_impact_scale": {
        "mu": -0.029231034511340244,
        "mu_star": 0.029254558367641292,
        "n_effects": 20,
        "sigma": 0.019074459905744457,
        "sign_stability": 0.9
      }
    },
    "lost_orders": {
      "demand_level": {
        "mu": 98.06805555555557,
        "mu_star": 98.06805555555557,
        "n_effects": 20,
        "sigma": 57.773074253978265,
        "sign_stability": 1.0
      },
      "op10_dispatch_period": {
        "mu": 1.6460937499999997,
        "mu_star": 1.6460937499999997,
        "n_effects": 20,
        "sigma": 1.9247318555946449,
        "sign_stability": 1.0
      },
      "op10_dispatch_quantity": {
        "mu": -0.015965104166666667,
        "mu_star": 0.015965104166666667,
        "n_effects": 20,
        "sigma": 0.022534236454336602,
        "sign_stability": 1.0
      },
      "op12_dispatch_period": {
        "mu": 1.3712384259259258,
        "mu_star": 1.3712384259259258,
        "n_effects": 20,
        "sigma": 1.7447743110254383,
        "sign_stability": 1.0
      },
      "op12_dispatch_quantity": {
        "mu": -0.014621614583333331,
        "mu_star": 0.014621614583333331,
        "n_effects": 20,
        "sigma": 0.018298801387717546,
        "sign_stability": 1.0
      },
      "op3_inventory_target": {
        "mu": -1.4241536458333323e-05,
        "mu_star": 1.436021592881943e-05,
        "n_effects": 20,
        "sigma": 4.3264281003977165e-05,
        "sign_stability": 0.95
      },
      "op3_order_quantity": {
        "mu": 4.830148619957547e-06,
        "mu_star": 5.201698513800413e-06,
        "n_effects": 20,