{
  "kind": "dra1_stressed_frame_v5",
  "pooled_states": 180,
  "A_stressed": 95,
  "B_stressed": 85,
  "constant_allocation_mean_ret": {
    "0.25": 0.981231453149178,
    "0.5": 0.9812442116351225,
    "0.75": 0.981276355482912
  },
  "best_constant_allocation_a": 0.75,
  "share_to_stressed_mean_ret": {
    "0.25": 0.9812606527030844,
    "0.5": 0.9812442116351225,
    "0.75": 0.9812471559290057
  },
  "best_share_to_stressed": 0.25,
  "best_share_minus_best_constant": {
    "mean": -1.5702779827635338e-05,
    "ci95": [
      -8.25818923770857e-05,
      4.743288668216527e-05
    ]
  },
  "per_state_optimal_share_counts": {
    "0.25": 175,
    "0.5": 3,
    "0.75": 2
  },
  "verdict": "STOP_CONFIRMED_NO_STRESSED_FRAME_HEADROOM"
}