{
  "prefix_0.50": {
    "n": 60,
    "allocation_counts": {
      "0.25": 55,
      "0.5": 2,
      "0.75": 3
    },
    "stressed_counts": {
      "A": 34,
      "B": 26
    },
    "served_vs_stressed": {
      "A->B": 31,
      "B->B": 24,
      "A->even": 2,
      "B->A": 2,
      "A->A": 1
    },
    "mean_delta_ret": 0.00012818447447993838,
    "max_delta_ret": 0.003424254343532218
  },
  "prefix_0.75": {
    "n": 60,
    "allocation_counts": {
      "0.25": 58,
      "0.75": 2
    },
    "stressed_counts": {
      "B": 52,
      "A": 8
    },
    "served_vs_stressed": {
      "B->B": 50,
      "B->A": 2,
      "A->B": 8
    },
    "mean_delta_ret": 2.5437525437506842e-06,
    "max_delta_ret": 0.00015262515262504106
  }
}