{
  "artifact_sha256": {
    "contract": "ff082c7e550f5fc757eeee9757e0b02b7f6a5c138c71492dd8513e8f26de40ec",
    "d0": "b4c40e5d3a5ee028b8b91399397d0f17df83efa0c3a3590c2ae772cd43eb93b8",
    "d1_candidates": "dbb815896b777f10378aba260f1ce8a7815b9dc979a8fa5affdfe4bce22aaf7a",
    "d3": "4eee3022b299609962250c3af7acaa124db991a0d54ca9ef89ff5e6fa9ca08d2"
  },
  "claim_status": "BURNED_PROSPECTIVE_REPLICATION_NO_CONFIRMATORY_CLAIM",
  "contract": "/private/tmp/scres-q-r1-retained-belief-discovery/contracts/q_r1_cold_start_replication_v1.json",
  "created_at": "2026-07-21T22:55:30.992536+00:00",
  "d4_authorized": false,
  "elapsed_seconds": 1421.9698424159724,
  "histories": 24,
  "history_roots_opened": [
    7570801,
    7570824
  ],
  "learner_training_authorized": false,
  "retained_binary_context": {
    "by_persistence": {
      "0.5": {
        "favorable_fraction": 0.0,
        "history_clustered_lcb95": 0.0,
        "max_lost_orders_delta": 0.0,
        "max_resource_error": 0.0,
        "max_unresolved_orders_delta": 0.0,
        "mean_early_ret_delta": 0.0,
        "mean_worst_product_delta": 0.0,
        "n_pairs": 264
      },
      "0.75": {
        "favorable_fraction": 0.3522727272727273,
        "history_clustered_lcb95": 0.009349050529233044,
        "max_lost_orders_delta": 0.0,
        "max_resource_error": 0.0,
        "max_unresolved_orders_delta": 2.0,
        "mean_early_ret_delta": 0.013783575208334165,
        "mean_worst_product_delta": -0.005977226550472672,
        "n_pairs": 264
      },
      "0.9": {
        "favorable_fraction": 0.4166666666666667,
        "history_clustered_lcb95": 0.01904748933566943,
        "max_lost_orders_delta": 0.0,
        "max_resource_error": 0.0,
        "max_unresolved_orders_delta": 3.0,
        "mean_early_ret_delta": 0.022636073735849915,
        "mean_worst_product_delta": -0.017742534463677403,
        "n_pairs": 264
      }
    },
    "guardrails_pass": false,
    "mechanism_pass": true,
    "pass": false,
    "shuffled_0p90": {
      "favorable_fraction": 0.19318181818181818,
      "history_clustered_lcb95": -0.00999951901504717,
      "max_lost_orders_delta": 0.0,
      "max_resource_error": 0.0,
      "max_unresolved_orders_delta": 2.0,
      "mean_early_ret_delta": -0.004539916166121402,
      "mean_worst_product_delta": -0.011519330014411593,
      "n_pairs": 264
    },
    "wrong_0p90": {
      "favorable_fraction": 0.003787878787878788,
      "history_clustered_lcb95": -0.06714022013411866,
      "max_lost_orders_delta": 0.0,
      "max_resource_error": 0.0,
      "max_unresolved_orders_delta": 4.0,
      "mean_early_ret_delta": -0.06482590441009864,
      "mean_worst_product_delta": -0.011029415161501521,
      "n_pairs": 264
    }
  },
  "schema_version": "q_r1_cold_start_replication_adjudication_v1",
  "tested_persistent_residual": {
    "action_divergence": 0.39015151515151514,
    "boundary": "privileged tested-calendar selector; a pass authorizes D4 only",
    "history_clustered_lcb95": 0.020228750051139433,
    "n_pairs": 528,
    "pass": true,
    "tested_oracle_minus_retained_mean": 0.02512022827729612
  },
  "verdict": "STOP_RETAINED_EFFECT_NOT_REPLICATED_RESIDUAL_ONLY"
}
