{
  "schema": "factory_app_cd_gate_stageA_v1",
  "generated": "2026-07-13",
  "cd_impl": "supply_chain.factory_resilience (formula-exact)",
  "n_tapes": 400,
  "seed0": 9600001,
  "mean_cd_by_strategy": {
    "S11": 0.5517302011276638,
    "S12": 0.5928982877863902,
    "S13": 0.3985355123849019,
    "S21": 0.21804056949193382,
    "S22": 0.5918566178451431,
    "S31": 0.48538286052453955,
    "S32": 0.5918566178451431
  },
  "best_pure_strategy": "S12",
  "paper_reproduces_dominant_pure": true,
  "H_PI_cd_evpi_strategy_choice": 0.0013911889859399044,
  "H_obs_cd_switcher": 0.0005112147819641427,
  "H_obs_cd_ci95": [
    0.00033462187300772477,
    0.0007118621944730577
  ],
  "H_obs_cd_placebo": -0.00018317180258528354,
  "cd_mcid": 0.01,
  "passes_cd_bar": false
}