{
  "burned_tapes": [
    7430001,
    7430002,
    7430003,
    7430004,
    7430005,
    7430006,
    7430007,
    7430008,
    7430009,
    7430010,
    7430011,
    7430012
  ],
  "claim_status": "EXPLORATORY_NO_CLAIM",
  "created_at": "2026-07-21T01:35:05.196611+00:00",
  "engine": "direct_simpy_only",
  "group": 1,
  "hybrid_training_authorized": false,
  "new_scientific_seeds_opened": [],
  "product_cell": "rho75_share90",
  "promoted_point_count": 1,
  "promoted_points": [
    0
  ],
  "rows": [
    {
      "classical_h_obs_lcb95": 0.027286041002375087,
      "classical_h_obs_mean": 0.11851288253816857,
      "favorable_fraction": 0.8333333333333334,
      "h_pi_sampled_lcb95": 0.13601952236105033,
      "h_pi_sampled_mean": 0.3325689416555528,
      "physical": {
        "baseline_capacity": 1.0,
        "duration_impact": 1.6406707120152757,
        "r24_frequency": 1.0,
        "r24_quantity": 1.0,
        "uniform_frequency": 1.8114473285278132
      },
      "point": 0,
      "resources_exact": true,
      "worst_product_delta_mean": 0.7601688163080196
    },
    {
      "classical_h_obs_lcb95": -0.09983423763100147,
      "classical_h_obs_mean": -0.027436051729048908,
      "favorable_fraction": 0.5,
      "h_pi_sampled_lcb95": 0.037281565360826156,
      "h_pi_sampled_mean": 0.09195145759186663,
      "physical": {
        "baseline_capacity": 1.0,
        "duration_impact": 1.1040895136738123,
        "r24_frequency": 1.0,
        "r24_quantity": 1.0,
        "uniform_frequency": 1.8114473285278132
      },
      "point": 1,
      "resources_exact": true,
      "worst_product_delta_mean": 0.8583147095775475
    },
    {
      "classical_h_obs_lcb95": -0.12260869409245166,
      "classical_h_obs_mean": -0.09621878604717732,
      "favorable_fraction": 0.0,
      "h_pi_sampled_lcb95": 0.007085801087082581,
      "h_pi_sampled_mean": 0.019398373406644766,
      "physical": {
        "baseline_capacity": 1.0,
        "duration_impact": 1.1040895136738123,
        "r24_frequency": 2.2081790273476245,
        "r24_quantity": 1.0,
        "uniform_frequency": 1.8114473285278132
      },
      "point": 2,
      "resources_exact": true,
      "worst_product_delta_mean": 0.8275130409624021
    },
    {
      "classical_h_obs_lcb95": -0.12755699394973766,
      "classical_h_obs_mean": -0.0782854910984669,
      "favorable_fraction": 0.08333333333333333,
      "h_pi_sampled_lcb95": 0.011133364269265065,
      "h_pi_sampled_mean": 0.033459301430920844,
      "physical": {
        "baseline_capacity": 1.0,
        "duration_impact": 1.1040895136738123,
        "r24_frequency": 2.2081790273476245,
        "r24_quantity": 1.0,
        "uniform_frequency": 4.0
      },
      "point": 3,
      "resources_exact": true,
      "worst_product_delta_mean": 0.8275130409624021
    },
    {
      "classical_h_obs_lcb95": -0.09999752622243156,
      "classical_h_obs_mean": -0.04581421840322635,
      "favorable_fraction": 0.25,
      "h_pi_sampled_lcb95": 0.019787889390643392,
      "h_pi_sampled_mean": 0.04928543324872043,
      "physical": {
        "baseline_capacity": 1.0,
        "duration_impact": 1.1040895136738123,
        "r24_frequency": 2.2081790273476245,
        "r24_quantity": 1.4859942891369484,
        "uniform_frequency": 4.0
      },
      "point": 4,
      "resources_exact": true,
      "worst_product_delta_mean": 0.7923098964469055
    }
  ],
  "schema_version": "program_u1_direct_connected_region_v1",
  "trajectory": 8,
  "verdict": "STOP_U1_NO_CONNECTED_CLASSICAL_CONVERSION_REGION"
}
