{
  "branch_contract": "common_mpc_prefix_and_continuation_one_action_pulse",
  "burned_seed_range": [
    7490001,
    7490256
  ],
  "caveat": "one-step convertibility is not a closed-loop hybrid rollout",
  "claim_status": "EXPLORATORY_NO_CLAIM",
  "closed_loop_hybrid_authorized": false,
  "created_at": "2026-07-21T01:26:12.834192+00:00",
  "models": {
    "boosting_shallow": {
      "cells": {
        "rho75_share90": {
          "mean_one_step_delta": 0.0025380777855443888,
          "override_fraction": 0.4224137931034483
        },
        "rho90_share75": {
          "mean_one_step_delta": 0.00023521773706693938,
          "override_fraction": 0.32460732984293195
        },
        "rho90_share90": {
          "mean_one_step_delta": 0.0052929369315238345,
          "override_fraction": 0.4418604651162791
        }
      },
      "cluster_lcb95": 0.0012526912231512386,
      "mean_one_step_delta": 0.0023443405391502504,
      "override_fraction": 0.3853211009174312
    },
    "ridge_current": {
      "cells": {
        "rho75_share90": {
          "mean_one_step_delta": 0.00032075708885622226,
          "override_fraction": 0.2672413793103448
        },
        "rho90_share75": {
          "mean_one_step_delta": -0.0009613939952562674,
          "override_fraction": 0.450261780104712
        },
        "rho90_share90": {
          "mean_one_step_delta": 0.003133565812491219,
          "override_fraction": 0.3333333333333333
        }
      },
      "cluster_lcb95": -0.0006021921933614964,
      "mean_one_step_delta": 0.0005913109151943623,
      "override_fraction": 0.3669724770642202
    },
    "ridge_history": {
      "cells": {
        "rho75_share90": {
          "mean_one_step_delta": 0.00015559760104197064,
          "override_fraction": 0.31896551724137934
        },
        "rho90_share75": {
          "mean_one_step_delta": -0.0003244029490864034,
          "override_fraction": 0.44502617801047123
        },
        "rho90_share90": {
          "mean_one_step_delta": 0.00395006640378638,
          "override_fraction": 0.3488372093023256
        }
      },
      "cluster_lcb95": -0.00052156110714154,
      "mean_one_step_delta": 0.0010679975333344233,
      "override_fraction": 0.3830275229357798
    },
    "tree_depth3": {
      "cells": {
        "rho75_share90": {
          "mean_one_step_delta": 0.0008433263128380319,
          "override_fraction": 0.3706896551724138
        },
        "rho90_share75": {
          "mean_one_step_delta": -0.00020498046349526518,
          "override_fraction": 0.3769633507853403
        },
        "rho90_share90": {
          "mean_one_step_delta": 0.004668288919226417,
          "override_fraction": 0.4186046511627907
        }
      },
      "cluster_lcb95": 0.0004645545183282596,
      "mean_one_step_delta": 0.0015157886567473025,
      "override_fraction": 0.3876146788990826
    }
  },
  "n_disagreement_branches": 436,
  "n_tapes": 48,
  "records": [
    {
      "cell": "rho75_share90",
      "delta": -0.04911899587681412,
      "mpc_action": 1,
      "q_modal_action": 2,
      "tape": 7490001,
      "week": 0
    },
    {
      "cell": "rho75_share90",
      "delta": -0.05149290987650834,
      "mpc_action": 2,
      "q_modal_action": 0,
      "tape": 7490001,
      "week": 3
    },
    {
      "cell": "rho75_share90",
      "delta": 0.02807646507148609,
      "mpc_action": 0,
      "q_modal_action": 3,
      "tape": 7490001,
      "week": 5
    },
    {
      "cell": "rho75_share90",
      "delta": -0.06912021369606758,
      "mpc_action": 1,
      "q_modal_action": 2,
      "tape": 7490002,
      "week": 0
    },
    {
      "cell": "rho75_share90",
      "delta": 0.0011579798170572309,
      "mpc_action": 1,
      "q_modal_action": 0,
      "tape": 7490002,
      "week": 2
    },
    {
      "cell": "rho75_share90",
      "delta": -0.014875761813673116,
      "mpc_action": 1,
      "q_modal_action": 0,
      "tape": 7490002,
      "week": 4
    },
    {
      "cell": "rho75_share90",
      "delta": -0.0721580600207744,
      "mpc_action": 1,
      "q_modal_action": 2,
      "tape": 7490003,
      "week": 0
    },
    {
      "cell": "rho75_share90",
      "delta": -0.008912353939428463,
      "mpc_action": 1,
      "q_modal_action": 0,
      "tape": 7490003,
      "week": 5
    },
    {
      "cell": "rho75_share90",
      "delta": -0.06924464297459065,
      "mpc_action": 1,
      "q_modal_action": 2,
      "tape": 7490004,
      "week": 0
    },
    {
      "cell": "rho75_share90",
      "delta": 0.0882451705271492,
      "mpc_action": 2,
      "q_modal_action": 0,
      "tape": 7490004,
      "week": 1
    },
    {
      "cell": "rho75_share90",
      "delta": 0.005138109690118298,
      "mpc_action": 1,
      "q_modal_action": 2,
      "tape": 7490004,
      "week": 7
    },
    {
      "cell": "rho75_share90",
      "delta": -0.04637061120363073,
      "mpc_action": 1,
      "q_modal_action": 2,
      "tape": 7490005,
      "week": 0
    },
    {
      "cell": "rho75_share90",
      "delta": 0.009432544385156505,
      "mpc_action": 2,
      "q_modal_action": 0,
      "tape": 7490005,
      "week": 2
    },
    {
      "cell": "rho75_share90",
      "delta": -0.00340746270805381,
      "mpc_action": 1,
      "q_modal_action": 0,
      "tape": 7490005,
      "week": 7
    },
    {
      "cell": "rho75_share90",
      "delta": 0.03975865172776549,
      "mpc_action": 1,
      "q_modal_action": 2,
      "tape": 7490006,
      "week": 0
    },
    {
      "cell": "rho75_share90",
      "delta": 0.004762190074123596,
      "mpc_action": 3,
      "q_modal_action": 2,
      "tape": 7490006,
      "week": 4
    },
    {
      "cell": "rho75_share90",
      "delta": -0.024818474330915774,
      "mpc_action": 1,
      "q_modal_action": 3,
      "tape": 7490006,
      "week": 5
    },
    {
      "cell": "rho75_share90",
      "delta": 0.017444320928918344,
      "mpc_action": 1,
      "q_modal_action": 2,
      "tape": 7490007,
      "week": 0
    },
    {
      "cell": "rho75_share90",
      "delta": 0.0006367876111295079,
      "mpc_action": 2,
      "q_modal_action": 3,
      "tape": 7490007,
      "week": 2
    },
    {
      "cell": "rho75_share90",
      "delta": 0.06725935037162711,
      "mpc_action": 1,
      "q_modal_action": 2,
      "tape": 7490008,
      "week": 0
    }
  ],
  "records_truncated": true,
  "schema_version": "program_t_d2_branching_selector_v1",
  "selected_model": "boosting_shallow",
  "verdict": "STOP_Q_MPC_SELECTOR_NOT_OBSERVABLY_CONVERTIBLE"
}
