{
  "superseded_by": "results/k3/open_loop_confound_audit.json",
  "effective_verdict": "RETRACT_K3_ADAPTIVE_AND_NEURAL_CLAIMS_STATIC_PERIOD8_CONFOUND",
  "candidate_minus_sS": {
    "lost": [
      -0.10833333333333334,
      -0.19166666666666668,
      -0.025
    ],
    "ordered_D0": [
      0.0,
      0.0,
      0.0
    ],
    "remaining_qty": [
      -1899.7962634697926,
      -2808.3656092027736,
      -1117.4173263713187
    ],
    "ret_order": [
      0.013864087301587303,
      0.004092261904761904,
      0.023958333333333335
    ],
    "ret_quantity": [
      0.017389546995601128,
      0.00657105431497422,
      0.028528313409657103
    ]
  },
  "contract_id": "program_k3_ret_budgeted_replenishment_v1",
  "frozen_policies": {
    "mpc": [
      1.25,
      0.0,
      1.5
    ],
    "sS": [
      2.0,
      3.0
    ]
  },
  "gates": {
    "lost_noninferior": true,
    "nonnegative_tapes": true,
    "remaining_qty_noninferior": true,
    "resource_exact": true,
    "ret_lcb_positive": true,
    "ret_material": true,
    "ret_quantity_noninferior": true
  },
  "learner_authorized": true,
  "learner_seeds_opened": false,
  "nonnegative_tape_fraction": 0.95,
  "positive_tape_fraction": 0.15833333333333333,
  "seeds": [
    6800001,
    6800120
  ],
  "stage": "locked_confirmation",
  "tape_hashes": [
    "1d069cda543ca093760b9b058ec11964734c539c9143a9320200231d453586e0",
    "ac97b9a4d30c6f4f0afbcb88f0a363b62e2aac4efa357155bf2ab07a19751240",
    "a6c2f2355b0765044f2f2c6ce1d14facfed90517ba4a0c0679515d3eef358807",
    "5e2d12e7f0c796418c92bdf0d30480726967a30bee451d079f51cfa3def86207",
    "a1fc7419e5dee77d094f7d5230096c79797d748848e746163f7e53ac4867cf11",
    "4fd83edc3f590a651aa77cff92d229c9a23d4aa102f9ece40bfa27a120143adf",
    "d3694b66e35abd06dcd476f12a3c50e734f3a1bf256ddddd871a1954393324e8",
    "7e316db1571b1699106f51d13d85526c18fbb942cbe6c37dd854dc8aa8d9f88d",
    "775f6af491dbb1098ba9cd8f21d3e63f63f882ee427fd1b06b10931af57900a2",
    "e2b4af1c226cfe7a25c7700148669376d42b7205fe7eed7dec6c12edd8906056",
    "d0e30bf04198410066b7be429d4c74ae3495f67925576a6942447db8562c2b1a",
    "360b83fcc52a9060ef999e6192e2d6cc654fd4f0979f0cc4a1819d3c639345f3",
    "0fb529c68569f3f4a1b8915d9e780028a4df46e11f1ded0ee8c2085b4459146c",
    "164cbdfd72dc0081a27d1568e70ed5b0c64670bd933bfd88e893b4879f766413",
    "22960672f54d4600f2817bc5ef1601488585505450a3cc28da4e583ab1bca394",
    "20e65b0858926b812aa8ae1ec6f09180d7ebd7399926a440ffc33ec5ba443f48",
    "283de7d7bc91310192f521137e9a2018f703b7c1334b21af093ac61cea5a8893",
    "9b7cb79c8fbbf0214f3ff05925281b723f58320b95a5b415b93687f14ae4c843",
    "c3bd113786b2839f3b84d997d3b73da03b8162d9f058fb547d44a249f24372bd",
    "320099f1a9f16dd8d66d7744cdd614f64969962baf2b9e33b9f55a7af3712459",
    "7289aa53b9f29b651452b03280a8a22c29a8e3030ed3dee0784912b3e57cc7b6",
    "a8895e522e00e6979b2e675a556e0824d083065fbc76ec44d13fa95c28ee4fea",
    "7c87f2b24cd16a5135a9da241f95606a7e501d408cf1b7f716018faa8c5eb548",
    "70aed6ef57b6aeb737d1806893102340edf6b6c6c9000587f7b4a2fb9e4f09d9",
    "300c0534ea8722246e9b0c20728d8996f672af5ddbbd455f1d4842488f14643e",
    "fa6ae9a2e8b15d0dad163890eccc9c5082ef2f20257537fb157d020861a9f683",
    "76a0884954a0612826734001966402359187a4e41b5e909b2b9a2ea4ec0e44bb",
    "a6e3709973ee494e4f62a4018705b279a1230d257d1b0431d9a6c27c6c7a9d8c",
    "8b1860286114bbe8aab50f4f223594d9ea7c01a29a856b889e287bd2acf31d4c",
    "08a05c1e12e71ae54b24089bebbc895b3e6ae8091b2fd42c8b20ca9c11b141bd",
    "031a9472828dc710d2de82eb7c447f5a4d642c34a63144faa60852117d1d8677",
    "f66d145943d2978145d592f43764659ead29cee7d4aa06e18b9284d089091d3c",
    "4bc95ccc384185a704224b137c3c7408f3b1446f54503fa22f552111ba1b10ae",
    "fb7aafcca804745eb2497158557cb41d0a5b295026c9b3bdc578c185dff8636d",
    "6af5bea3928d33062e266b2d376013e3f5d211b478d8a88ba2cc4749345e3d14",
    "a9dc3d52bc5d2a5260c2f652c6fb59d8b9ab9771b4f2ec8a76333604a577ac90",
    "aab58f8b84bd3233a8408fc2e6de51b3a9516f948b10395dac424d533721d27c",
    "cfbbd30da6583a6d3583c83def0d892cc2c4c49a79e1c5695a4e86594769e409",
    "a3ed8366e444d5ab6f97846dbb6de9fb9bf6bd90b354bbc942b1f7c7cfb510a4",
    "a93f4606796c0fddc2757d5a0ac47b82cac56d65f4f92339aa44fac4b22163fa",
    "51dd046b41c1fe79b27cb17a5acf9a0c428ebd4d0aad5c66126362c0a4435be4",
    "4981f23c1a7b143c33c4080dc6cb02c4337b14010635595cc0091d34c11235ff",
    "f87d533055ebe36ccf8b8afb54b9ea296ae4aaf46da0cbbe067708a0118b937b",
    "74ddd86e5e2a99abe8d6caf282d83d514126be94311e8baf8ab2354b3471103e",
    "2fd13b42a03dba5e8ab2948c9f73d6c2a8042dd2e4f2798bf59e39cda5fdd2df",
    "7b513cf7dc7c49d1bd75eb16b3e3b3dc32a3d73add0ea4f533d9c45827b4458a",
    "44f3136f2ad3a8c8c81b7e0260136cc83d34cda3251fcd4664dfe5aae3bda0a8",
    "48ebbed4dd3893aa422c1154bfa94facecf8ed338abfc387fb1f2f0351ff4eca",
    "a2dd52d3d1e4710520ea981b3da91e84580abf6ae44a5ea5f0c3fd4fce90d1aa",
    "a1a85a1fb4e296b5d2cfa8eb6650d30b034ee6ab4b9c7a121d14e039c4ae28af",
    "6bbe4de038f0a275dfea870bd1bc25e89cc51592a2490d2e2cf85a5c4974a660",
    "b9fd57467b7e851a96e37420362e970c80a967bd24eb2f1f7004ccd412ed270f",
    "a4bc037232ca2c2a8b7ea42a425e4f63bd8c0b63685d697023dec62d30bb728b",
    "b5cf2612d175440bcba53b624707d5171fd0c3780e6ad69eb66b9359d01852d9",
    "4f6b2a86bd823a56b3a24e1e088554c09702eefd1b588a4592a385cf4bfb8ce9",
    "587d23c1bbe1e0eb20576041c155ce258a668e67320e41a9e1556719f8c61c28",
    "45beff2f5d6278561a2ca94015a18eca54778483c848581aece9bda147c06db7",
    "9a080dd7f5a177636d6767c80fbc2ce60d938f258cda747a4425774908051d18",
    "d846ba0bd6cdc7a6da59d00e3b9336ec873025dc93c1e9223d7cb244f9c56078",
    "ad7405836020132ba443352b850df506e59af908acf5da4bb95ceec788c3ca3b",
    "380cc0fa6c5af25a3e13741d38d5470d05e1564b30499e29b0e16ce98a1b98e9",
    "e25742211b48910a858ebb8679f742ca9da8af8ce21cbde4e512753fd0d3839b",
    "f68295888b07f1c72b127e0f44563dfd873edd5e1a51bcf44c6002b4b71c9854",
    "8799048481afbbc480a818f02f510eea3e6fc686c93f24a3f90133e66f7a0669",
    "8833dd2a4f9978f3c3482a8df6efb537b2e6ff2319e3df46e08d17cca84dd4e4",
    "afb28f08aa67318d4f0e743fc747f2fa8fdfec921cb754fa3775dbe6b9104de8",
    "1e5e3a7b09b101f8bf722324d1d13c13412600046b21056fd1e5aa28252a7ccd",
    "1e8893fa06d22079891bc00e643e80ef244b9f6e182dd5367a46ae7ab092f4c0",
    "82ab0b048daea168644bc9acdf7bba6f77a216155a0e7cac086d77bf5e91ae96",
    "02f86f241ee99bd37f12e31183a669634e368c1adf9a6dcc32529fb50eec5fec",
    "5bbcbc0f1e01f22da6100cc1c0f557c61a8e9646eb78744060e0757c18205777",
    "931fec726dfbc7ae566ea00f347edb2083ee874d342eeb1cb4f6abb266590a3e",
    "155dd6576d0a50c73d3af697264fec9b0313ed11aa3731da9c5ddcc53cfdb36c",
    "9b0293a43d9817a3ab2a8786e44138ee61d2c76dff60fed85a001219547afdaf",
    "877d4af62e89d1cdf741440e7aef5919682aa640c781646e0ca5c44aee7a6032",
    "3db55fcc8a854dec388ef548de4e780f8b180eaa6865ee732f420bce69cc1e42",
    "c6718c842e9b9acd69db1293baede9091f055fc03c158971a15fcc67b6dc3d0d",
    "27da602f6169d569eacb5dfc2c91ba51e1e5a9f721457827557562114d969a6c",
    "26c4dc1f905a46e16bba87d6cb4794506fb06b033a9e85ccdd65dc18e5cba392",
    "6557aa37901f1355a262acbde51aefebc1da7302d8da0ede7088933bddf45b79",
    "2c4638e050d557649bdc7adcd04cb9733467290d271593c69916ab1d2c38a674",
    "5a2659ce4a97d7ab7b2af0864afb5221b5d4c9ee9eded97336d6641d51685dee",
    "c3ea2ddfb9b08e094a3f65c8b3681825dff2d6e5ceb7f2bbb058206b92f0c36f",
    "68ff20872ada0abf921c12fd7d62b363f44eadcd644abf83d54b63959b0a12bb",
    "8cf2588c06b7ad5834501ff4eea75661ed849c86b5d8100c347cee87eab50629",
    "d00a4a7413289ab7aafb354fabdce0ba4b5cb58fad8a4ec1e3ff0b5eca59678c",
    "d6316f2f01db400745b5ae699f5fa7ff138e9310b612c844d86235d7019f5911",
    "aceca55b02c38b01724d30ab92cc7dcdbc3dc4bdfea46b18be7a186475d65102",
    "07f76f975ba05d3d034811598116aae414f403115b7cb6e3a3f8c80ec6d2d802",
    "9f920880ac712de0e14c5824c9d7438ac5febfcc4e02870ed6fd0b2e8288d5ea",
    "50510a460ef09eab9e7362e99311ebeddd761197b236c3fb163eb05bbf5f8ff5",
    "528f2a29c03fa002c60c6364376e17076694b008df8e07222f68b38046f60718",
