{
  "best_classical": "budgeted_sS",
  "candidate_minus_best_classical": {
    "lost_orders": [
      -0.09166666666666666,
      -0.20020833333333327,
      0.025
    ],
    "nonnegative_tape_fraction": 0.8333333333333334,
    "ordered_D0": [
      0.12708333333333333,
      0.06041666666666667,
      0.2
    ],
    "positive_tape_fraction": 0.25833333333333336,
    "ret_order": [
      0.010329861111111113,
      -0.004845300099206346,
      0.024836309523809528
    ],
    "ret_quantity": [
      0.020598512543146166,
      0.0045097622152442274,
      0.03632625417638774
    ]
  },
  "cell": {
    "cap_mult": 3.0,
    "cell_id": "k2-central",
    "h": 0.4,
    "lead": 1,
    "p": 1.0,
    "persist": 0.7,
    "shelf_life": 156,
    "signal_noise": 0.2,
    "surge_mult": 1.6
  },
  "confirmation_seeds_opened": false,
  "contract_id": "program_k3_ret_budgeted_replenishment_v1",
  "gates": {
    "lost_noninferior": false,
    "resource_noninferior": false,
    "ret_delta_min": true,
    "ret_lcb_positive": false,
    "ret_quantity_noninferior": true
  },
  "learner_authorized": false,
  "n_periodic_calendars": 2690,
  "policies": {
    "budgeted_sS": {
      "lost_mean": 0.725,
      "ordered_D0_mean": 9.8375,
      "remaining_qty_mean": 6749.494967025822,
      "ret_order_mean": 0.9086706349206349,
      "ret_quantity_mean": 0.9014545558207772
    },
    "inventory_paced": {
      "lost_mean": 1.0416666666666667,
      "ordered_D0_mean": 10.0,
      "remaining_qty_mean": 12808.479196525279,
      "ret_order_mean": 0.8321577380952381,
      "ret_quantity_mean": 0.8306237214537235
    },
    "periodic_static": {
      "lost_mean": 0.575,
      "ordered_D0_mean": 10.0,
      "remaining_qty_mean": 6283.84376149404,
      "ret_order_mean": 0.9063144841269841,
      "ret_quantity_mean": 0.9059557938891488
    },
    "signal_inventory_mpc": {
      "lost_mean": 0.6333333333333333,
      "ordered_D0_mean": 9.964583333333334,
      "remaining_qty_mean": 5977.262767959637,
      "ret_order_mean": 0.919000496031746,
      "ret_quantity_mean": 0.9220530683639233
    }
  },
  "restricted_pi_ret_delta": [
    0.0034660218253968265,
    0.0006423611111111116,
    0.006783699156746036
  ],
  "seeds": {
    "calibration": [
      6700001,
      6700060
    ],
    "test": [
      6700101,
      6700220
    ]
  },
  "selected": {
    "inventory": [
      0.0,
      0.0
    ],
    "mpc": [
      1.25,
      0.0
    ],
    "sS": [
      2.0,
      3.0
    ],
    "static": [
      1.5,
      1.5,
      1.5,
      0.5,
      1.5,
      1.5,
      1.5,
      0.5
    ]
  },
  "stage": "development_screen_no_learner",
  "tape_hashes": {
    "calibration": [
      "a3fbc5d50c9df268482b7a75e454b8d08f204bc27af86af59750c49aec524eb1",
      "454d50119dc3fc1939c9b7f5d6a6c511c1e91e2d60068ac37d1a818618f0cb33",
      "e6550b3776d5b656a2db3bda4488e47d9e378c6dbaae66cb03b4dc048cd86e88",
      "40610b0f22c855e6dfe50425af6ba8324be2e3f074d4489a23180749112ab479",
      "96dc97f31be96a0dd55a7e458b9840384bdd764865473bf8214cb7209985e5e3",
      "a9b48b0914d634805558c8547be409485d1a7859cb58860a7aec456fcd8d0da7",
      "25a6b34dd11b6a8b35f8035f2db9e4c3b42bd9983a1e994ee7578ba058bd20ee",
      "b8d279c24531c3126d080d929581f3572abf16736d29b525e8bd826713b2cea8",
      "e8e0aa8422470462a4e39e2b34088c1d402112869101ffcef66f6ac9aa3e35d3",
      "ab502323997e5f21ebf1ce87388ae27bc2a1dcd10b1742414a58f0845c14d8f5",
      "57288902b841e67b0af56124cf6409f03ecb4380b97ef0ee41fb89499bef4f5b",
      "ca8cf7b5905d6024dfa9e1a5063e06d75d5d42ab692ce927e29e85e1e245b21d",
      "05557f2d23a79668a8b3039678334f80c2366a1a8774cef5c1d42b630d7f1a84",
      "94d8fcb832e3137dfd788465151070ea0fc5ea09f7064efe66af30c74dfd3a9a",
      "80e709920b42f71feb73f878aae364436b6a2990f3d04d498bbf9ee3af1220c2",
      "994e5905090f09668a84016c0bad85d8a5d582b07aafeedc207d2f9ddadb5036",
      "b64b8bc4757b78ac5665765b9f6fb2600a6e0de9ec0cd5938f68e5f66d2b13fd",
      "5f71a68b15d10bf8ee11982d59031d0cc9a28db528219ba024a660ffab6842a1",
      "3473c82037218650b139906eac8747d38a428766251ae9c995a6433d90847dc9",
      "0a22df1d1eb57da7c1421e3eb79aa8e4b0de71e35908e3c8695b585a16eb9dbb",
      "a30a8600bf3b08056b440f0fae654cbcab0ebd8317da16ee811cb599fef97418",
      "8e9b227defa4c05ab00b9aa56319a52438368ac23af57c53fdf3d9a55f568878",
      "2d952dc803c0cd665c96c67d2fad5138b8a0e692ca7c684106f1dac90de09d35",
      "c9d6f98fec7a3a6cd6abd7d86bd35d458db18cc0c05c3747380411e02689d2ad",
      "cf58eb9173e21ab2da1a91713013cd16d6a3c7d8c7367bdd152dd6e636eeaea0",
      "c336dd3e2e9dcc3fab8463e955397011dcd6f5adaa0c3d2ff20f0687d3de0605",
      "678e641da8425354666f8f4e4069ce1e400dd96d6c9595f607bf64c4e65723b5",
      "b0a592e2236096374f199ff567bad469b39f73d4ce8cabce2b58307720e7ccd9",
      "446c50fc5ef8ee85f74d56396968380ab3381457e0dc5d93c91a5787728d136e",
      "3ca78011cf277bf7fa985c0a591d537096dc2dce4dbce39c0f80a61e3974fc4c",
      "fc7a4679183408c762c75e496cb5a0688a5e4ff65235cf1f60d2c76654b8cad1",
      "195bb6df24a70f87e98dd8281ac5f75a3fdd17ca01fa74b5e533f3770bb14e01",
      "54e96a0962af7489ccc5aaf1bc4a43ebd6369ad660a576e461a80d24a8e7e721",
      "ec4c9fd28c32afe2f0b84bb41b9b7078d640a9b6662eefbe9dbcd49ba9b226b6",
      "1ce9356f5ce864c7b999bb176888875ade065c86549d2d319da4162cd5468b74",
      "355b22b8c9c5b9e19bdf66c715f11e9e78e28e02861b7880fe28fdbabef14cbf",
      "c8803786bf4f1379a2e957f6f2ed8bdc14cb7db9842f40fa2b421197ce336683",
      "daa883a54ac546d994cf7c09302c674837f7c7ca329bcee02e10ee761e16b894",
      "8d733edacd00b74fb4bb9f9aa6b9eb228a773043e0d1b69d6381feceba64d536",
      "09255a7d8bac66cd90463b7e5eef07c568c79ed5c0f4cb2f6766f132b16728e6",
      "c3f183c5f6794aaab7bbde2255a4f858a46a2b287e75a6a9c89698688acb1eb8",
      "329d3247ee6b9ea05605655ea7c1eeb4026614e6523eaf339dddc979d9523317",
      "f57e0e4add042f32b1432db845a0f4ce664fbcd2886981b1002910f93ebbb9a9",
      "c0af28087f20a032f23785ed81640beeb3e447056cbb0a00cf6e1f03f3c9fdb6",
      "566f16a5252107447ce30c693e410d20b28ad2383f44ddc0aecb63f4d220e291",
      "852fd4321b9e14bc2d7e3a411f2e9ad227d6a1180ef7d4911adb4b6461b0ff79",
      "80572d7f17d487fb4ead324b9e41527db580b17fc04659507679c1e73330fcfe",
      "909a446d4dbc8b6668b56a579b43b070b7145cb1d27a2e29b701f10554e5b863",
      "cccc3df595a46107149044956eb4cf57fde98f1c856fa76641043f50c55a2bf0",
      "e0b726b8c69e86e390c1d785472b62b260beca21e2a397cd55ec8af9ec4e4904",
      "eae2d3b04345aa6a56f07fe2f55c6f50a4a74a34058543745a53aec4c55cb513",
      "cdc220673c8c88de29ed16f75cac7c4fdeb97dc875bc07af744dc81781ccf179",
      "15578b8e673ad0de6b7f6705e93df95b130dee2e57a5f7db00306c1e1476a815",
      "f1640f3c67e3fd5216d6c53d1147daf50f0afe28eb3fc4e62ca9e42ff279faca",
      "a520d16af66875d7bc0790133d121c094b90cd56ef3b841b8cb7b80b3f80eaf6",
      "9283362372882380b19db029220f3111352cdd3f65f72177db29abb3afd24959",
      "b93cbd51704ccd1e664f56393442bab219ed7ff50f8697f2de9ddf75707ce312",
      "b2695c74171f950604dc14cac428d43a4bd5cb99977c4067b25123b7e3c54278",
      "eadc1dd46ff645a7792ee9d2e9421d8c14ea75391d37ab1a2d8091d7dee92cd6",
      "587e0620d8d9ff20c8fd608baadf0f815596a69c05a1a7ae961f4b16913350d9"
    ],