{
  "audit": "open_loop_period8_confound",
  "confirmation_6800001_6800120": {
    "fixed_minus_mpc_lost": [
      -0.1,
      -0.15833333333333333,
      -0.05
    ],
    "fixed_minus_mpc_ordered_D0": [
      0.0,
      0.0,
      0.0
    ],
    "fixed_minus_mpc_ret": [
      0.0125,
      0.00625,
      0.019791666666666666
    ],
    "fixed_minus_mpc_ret_quantity": [
      0.012000752679712264,
      0.0058794763456720975,
      0.01918727481229892
    ],
    "fixed_minus_sS_ret": [
      0.0263640873015873,
      0.017708333333333333,
      0.0357390873015873
    ],
    "fixed_ret_mean": 0.9614583333333333,
    "mpc_ret_mean": 0.9489583333333333,
    "sS_ret_mean": 0.935094246031746
  },
  "contract_id": "program_k3_ret_budgeted_replenishment_v1",
  "interpretation": "PPO learned one fixed eight-week open-loop schedule. The original static frontier stopped at period four. The fixed schedule matches PPO exactly and beats the tested MPC under identical resources; therefore neither neural incremental value nor observable adaptive headroom is established.",
  "learner_test_6900001_6900120": {
    "fixed_minus_mpc_lost": [
      -0.14166666666666666,
      -0.20833333333333334,
      -0.08333333333333333
    ],
    "fixed_minus_mpc_ordered_D0": [
      0.0,
      0.0,
      0.0
    ],
    "fixed_minus_mpc_ret": [
      0.017708333333333333,
      0.010416666666666666,
      0.026041666666666668
    ],
    "fixed_minus_mpc_ret_quantity": [
      0.017980357044819144,
      0.01025053987061155,
      0.02693485549571309
    ],
    "fixed_minus_sS_ret": [
      0.029340277777777774,
      0.019965277777777776,
      0.03958333333333333
    ],
    "fixed_ret_mean": 0.9697916666666667,
    "mpc_ret_mean": 0.9520833333333333,
    "sS_ret_mean": 0.9404513888888888
  },
  "paper2_adaptive_confirmed": false,
  "paper3_neural_retention_authorized": false,
  "ppo_seed0_minus_fixed_ret": [
    0.0,
    0.0,
    0.0
  ],
  "ppo_seed0_modal_sequence": [
    1.5,
    1.5,
    1.5,
    1.5,
    1.5,
    1.5,
    1.0,
    0.0
  ],
  "ppo_seed0_unique_test_sequences": 1,
  "verdict": "RETRACT_K3_ADAPTIVE_AND_NEURAL_CLAIMS_STATIC_PERIOD8_CONFOUND"
}
