{
  "superseded_by": "results/k3/open_loop_confound_audit.json",
  "effective_verdict": "RETRACT_K3_ADAPTIVE_AND_NEURAL_CLAIMS_STATIC_PERIOD8_CONFOUND",
  "comparators": {
    "mpc": [
      1.25,
      0.0,
      1.5
    ],
    "sS": [
      2.0,
      3.0
    ]
  },
  "contract_id": "program_k3_ret_budgeted_replenishment_v1",
  "learner_seeds": [
    {
      "beats_mpc": true,
      "beats_sS": true,
      "ret_mean": 0.9697916666666667,
      "seed": 0,
      "vs_mpc_lost": [
        -0.14166666666666666,
        -0.20833333333333334,
        -0.08333333333333333
      ],
      "vs_mpc_ordered_D0": [
        0.0,
        0.0,
        0.0
      ],
      "vs_mpc_ret": [
        0.017708333333333333,
        0.010416666666666666,
        0.026041666666666668
      ],
      "vs_mpc_ret_quantity": [
        0.017980357044819144,
        0.010159692292532241,
        0.026707443968407685
      ],
      "vs_sS_ret": [
        0.029340277777777774,
        0.019965277777777776,
        0.03888888888888888
      ]
    },
    {
      "beats_mpc": true,
      "beats_sS": true,
      "ret_mean": 0.9697916666666667,
      "seed": 1,
      "vs_mpc_lost": [
        -0.14166666666666666,
        -0.20833333333333334,
        -0.08333333333333333
      ],
      "vs_mpc_ordered_D0": [
        0.0,
        0.0,
        0.0
      ],
      "vs_mpc_ret": [
        0.017708333333333333,
        0.010416666666666666,
        0.026041666666666668
      ],
      "vs_mpc_ret_quantity": [
        0.017980357044819144,
        0.010159692292532241,
        0.026707443968407685
      ],
      "vs_sS_ret": [
        0.029340277777777774,
        0.019965277777777776,
        0.03888888888888888
      ]
    },
    {
      "beats_mpc": true,
      "beats_sS": true,
      "ret_mean": 0.9697916666666667,
      "seed": 2,
      "vs_mpc_lost": [
        -0.14166666666666666,
        -0.20833333333333334,
        -0.08333333333333333
      ],
      "vs_mpc_ordered_D0": [
        0.0,
        0.0,
        0.0
      ],
      "vs_mpc_ret": [
        0.017708333333333333,
        0.010416666666666666,
        0.026041666666666668
      ],
      "vs_mpc_ret_quantity": [
        0.017980357044819144,
        0.010159692292532241,
        0.026707443968407685
      ],
      "vs_sS_ret": [
        0.029340277777777774,
        0.019965277777777776,
        0.03888888888888888
      ]
    },
    {
      "beats_mpc": true,
      "beats_sS": true,
      "ret_mean": 0.9697916666666667,
      "seed": 3,
      "vs_mpc_lost": [
        -0.14166666666666666,
        -0.20833333333333334,
        -0.08333333333333333
      ],
      "vs_mpc_ordered_D0": [
        0.0,
        0.0,
        0.0
      ],
      "vs_mpc_ret": [
        0.017708333333333333,
        0.010416666666666666,
        0.026041666666666668
      ],
      "vs_mpc_ret_quantity": [
        0.017980357044819144,
        0.010159692292532241,
        0.026707443968407685
      ],
      "vs_sS_ret": [
        0.029340277777777774,
        0.019965277777777776,
        0.03888888888888888
      ]
    },
    {
      "beats_mpc": false,
      "beats_sS": true,
      "ret_mean": 0.959375,
      "seed": 4,
      "vs_mpc_lost": [
        -0.058333333333333334,
        -0.125,
        0.0
      ],
      "vs_mpc_ordered_D0": [
        0.0,
        0.0,
        0.0
      ],
      "vs_mpc_ret": [
        0.007291666666666667,
        0.0,
        0.015625
      ],
      "vs_mpc_ret_quantity": [
        0.004840871886677948,
        -0.003474569889565518,
        0.013144164035029821
      ],
      "vs_sS_ret": [
        0.01892361111111111,
        0.011458333333333333,
        0.02725694444444444
      ]
    },
    {
      "beats_mpc": true,
      "beats_sS": true,
      "ret_mean": 0.9645833333333333,
      "seed": 5,
      "vs_mpc_lost": [
        -0.1,
        -0.15833333333333333,
        -0.05
      ],
      "vs_mpc_ordered_D0": [
        0.0,
        0.0,
        0.0
      ],
      "vs_mpc_ret": [
        0.0125,
        0.00625,
        0.019791666666666666
      ],
      "vs_mpc_ret_quantity": [
        0.011746871966483309,
        0.005748895405017591,
        0.018700556961695005
      ],
      "vs_sS_ret": [
        0.024131944444444442,
        0.015625,
        0.03333333333333333
      ]
    }
  ],
  "paper2_adaptive_confirmed": true,
  "paper3_neural_retention_authorized": true,
  "ppo_config": {
    "gamma": 0.99,
    "net": [
      64,
      64
    ],
    "seeds": 6,
    "steps": 120000
  },
  "seeds_beating_mpc": 5,
  "seeds_beating_sS": 6,
  "stage": "frozen_ppo_virgin_test",
  "test_seeds": [
    6900001,
    6900120
  ],
  "verdict": "CONFIRM_K3_NEURAL_INCREMENTAL_VALUE"
}
