allocation_a,service_rule,mean_ret,ret_ci_low,ret_ci_high,mean_ret_clipped,clipped_ci_low,clipped_ci_high,lost_deg_ci_high,service_deg_ci_high,backlog_deg_ci_high,mean_live_epochs,admissible
0.25,SPT_FULL,0.5873976721222782,0.5391296113711371,0.6311306404635268,0.5929639682084769,0.5448969220510134,0.6383306634518696,-0.0017059114575173515,-0.00011799690362506403,0.0012914036879458895,93.83333333333333,True
0.25,FIFO_PARTIAL,0.5584046612757257,0.5082823035016202,0.606456820918915,0.5584046612757263,0.5082132355020681,0.6062306597322733,-0.4283917464179546,-0.32258866019826743,-0.14652512876407767,411.6333333333333,True
0.25,R24_AGE_PARTIAL,0.5583492287540132,0.5082578825625647,0.6064443213601176,0.5583492287540134,0.5081474263473538,0.6061089177880618,-0.4270333039724713,-0.32252761938080726,-0.15115120395972537,411.31666666666666,True
0.5,SPT_FULL,0.5827681156413166,0.534908058169437,0.627105588704203,0.5888961911769044,0.5404619603162417,0.6339359135150454,0.0,0.0,0.0,98.23333333333333,True
0.5,FIFO_PARTIAL,0.48491998698868655,0.4143292777565182,0.5530428525201491,0.4849199869886865,0.4134843840303216,0.5530412603536745,-0.431769774644428,-0.3219826537743797,-0.14564646471056028,553.7666666666667,True
0.5,R24_AGE_PARTIAL,0.4849772754316961,0.41441332628050637,0.5530782400202985,0.48497727543169605,0.41356179442809915,0.5530723530081043,-0.43150421383883714,-0.32214516296055207,-0.15008328901277393,553.7833333333333,True
0.75,SPT_FULL,0.585020118579867,0.5358901189546903,0.6306521603009381,0.5915343357538566,0.5427756073485367,0.6370048020269813,-0.00031302691218955815,0.0007944699652736563,-0.0002247776899683304,94.53333333333333,True
0.75,FIFO_PARTIAL,0.5596754625655027,0.5091805370128174,0.6080875902392726,0.5596754625655032,0.5093656453149585,0.6080369573809259,-0.42956285837003993,-0.32307505168193607,-0.14607930155109525,411.46666666666664,True
0.75,R24_AGE_PARTIAL,0.5597672697516464,0.5093133805981749,0.6080897269609155,0.5597672697516469,0.5094189129778288,0.6080864694737405,-0.427664889933483,-0.3231103573778488,-0.15079489352531608,410.8,True
