{
  "allocation_live": true,
  "best_admissible": {
    "admissible": true,
    "allocation_a": 0.25,
    "backlog_deg_ci_high": -0.0006755055097550871,
    "clipped_ci_high": 0.6440293379383102,
    "clipped_ci_low": 0.5488552913340602,
    "lost_deg_ci_high": -0.011078770413330018,
    "mean_live_epochs": 167.65,
    "mean_ret": 0.5917686364374534,
    "mean_ret_clipped": 0.5979594089107827,
    "ret_ci_high": 0.637713660225623,
    "ret_ci_low": 0.5418944121092573,
    "service_deg_ci_high": -0.011036117119690351,
    "service_rule": "SPT_FULL"
  },
  "crn_pass": true,
  "gate": "DRA1_B_STATIC_FRONTIER",
  "interpretation": "PASS_STATIC_FRONTIER",
  "mass_pass": true,
  "n_tapes": 60,
  "ppo_trained": false,
  "virgin_tapes_opened": 0
}