{
  "allocation_live": true,
  "best_admissible": {
    "admissible": true,
    "allocation_a": 0.25,
    "backlog_deg_ci_high": 0.0012914036879458895,
    "clipped_ci_high": 0.6383306634518696,
    "clipped_ci_low": 0.5448969220510134,
    "lost_deg_ci_high": -0.0017059114575173515,
    "mean_live_epochs": 93.83333333333333,
    "mean_ret": 0.5873976721222782,
    "mean_ret_clipped": 0.5929639682084769,
    "ret_ci_high": 0.6311306404635268,
    "ret_ci_low": 0.5391296113711371,
    "service_deg_ci_high": -0.00011799690362506403,
    "service_rule": "SPT_FULL"
  },
  "crn_pass": true,
  "gate": "DRA1_B_STATIC_FRONTIER",
  "interpretation": "PASS_STATIC_FRONTIER",
  "mass_pass": true,
  "n_tapes": 60,
  "ppo_trained": false,
  "virgin_tapes_opened": 0
}