{
  "anchor_note": "commonality=0 reproduces Program G (H_PI~+0.015, H_obs~-0.02)",
  "factors": {
    "commonality": [
      0.0,
      0.9
    ],
    "lead": [
      1.0,
      3.0
    ],
    "persistence": [
      0.0,
      1.0
    ],
    "r22_prob": [
      0.0,
      0.3
    ],
    "signal_q": [
      0.5,
      0.95
    ],
    "surge_mult": [
      1.1,
      3.0
    ]
  },
  "gate": "PROGRAM_I_HEADROOM_GSA",
  "morris_H_PI": {
    "commonality": {
      "mu": -0.0024747570634203607,
      "mu_star": 0.006281305073962571,
      "sigma": 0.007368765869526024
    },
    "lead": {
      "mu": 0.0,
      "mu_star": 0.0,
      "sigma": 0.0
    },
    "persistence": {
      "mu": 0.0,
      "mu_star": 0.0,
      "sigma": 0.0
    },
    "r22_prob": {
      "mu": 0.0,
      "mu_star": 0.0,
      "sigma": 0.0
    },
    "signal_q": {
      "mu": 0.0,
      "mu_star": 0.0,
      "sigma": 0.0
    },
    "surge_mult": {
      "mu": -0.009747581961185435,
      "mu_star": 0.01323310167363636,
      "sigma": 0.010647740281655563
    }
  },
  "morris_H_obs": {
    "commonality": {
      "mu": 0.014440698119831253,
      "mu_star": 0.014440698119831253,
      "sigma": 0.0076875098464027
    },
    "lead": {
      "mu": 0.0,
      "mu_star": 0.0,
      "sigma": 0.0
    },
    "persistence": {
      "mu": 0.0,
      "mu_star": 0.0,
      "sigma": 0.0
    },
    "r22_prob": {
      "mu": 0.0,
      "mu_star": 0.0,
      "sigma": 0.0
    },
    "signal_q": {
      "mu": 0.0,
      "mu_star": 0.0,
      "sigma": 0.0
    },
    "surge_mult": {
      "mu": -0.018145705014724914,
      "mu_star": 0.018145705014724914,
      "sigma": 0.009468004523715394
    }
  },
  "n_tapes": 50,
  "rank_H_PI": [
    "surge_mult",
    "commonality",
    "signal_q",
    "lead",
    "persistence",
    "r22_prob"
  ],
  "rank_H_obs": [
    "surge_mult",
    "commonality",
    "signal_q",
    "lead",
    "persistence",
    "r22_prob"
  ],
  "stage": "morris"
}
