{
  "anchor_note": "commonality=0 reproduces Program G (H_PI~+0.015, H_obs~-0.02)",
  "factors": {
    "commonality": [
      0.0,
      0.9
    ],
    "lead": [
      1.0,
      3.0
    ],
    "persistence": [
      0.0,
      1.0
    ],
    "r22_prob": [
      0.0,
      0.3
    ],
    "signal_q": [
      0.5,
      0.95
    ],
    "surge_mult": [
      1.1,
      3.0
    ]
  },
  "gate": "PROGRAM_I_HEADROOM_GSA",
  "gp_locate_H_obs": {
    "n_eval": 40,
    "theta": {
      "commonality": 0.887193996076049,
      "lead": 1.9401886036659797,
      "persistence": 0.0231275488365561,
      "r22_prob": 0.10689011752599885,
      "signal_q": 0.5321131958275204,
      "surge_mult": 1.9459461428265659
    },
    "x_best": [
      0.5321131958275204,
      1.9401886036659797,
      1.9459461428265659,
      0.0231275488365561,
      0.887193996076049,
      0.10689011752599885
    ],
    "y_best": 0.010586669072518788
  },
  "located_region_headroom": {
    "H_PI": 0.014446048488184385,
    "H_obs": 0.013070783115273663,
    "eta": 0.9047998922310437
  },
  "n_tapes": 50,
  "qualifies_new_lane": true,
  "stage": "gp"
}
