{
  "burned_seed_range": [
    7490001,
    7490256
  ],
  "calendar_action_change_fraction": 0.2847222222222222,
  "cells": {
    "rho75_share90": {
      "lcb95": -0.0009444713782084218,
      "mean": 0.005918108814323267
    },
    "rho90_share75": {
      "lcb95": 0.0021275977118047056,
      "mean": 0.008083682514876197
    },
    "rho90_share90": {
      "lcb95": 0.006125942370538483,
      "mean": 0.014433909889460065
    }
  },
  "claim_status": "EXPLORATORY_NO_CLAIM",
  "created_at": "2026-07-21T01:26:42.900319+00:00",
  "cross_fitting": "five_fold_grouped_by_complete_cell_tape",
  "guardrails": {
    "lost_orders_nonincrease": true,
    "resources_exact": true,
    "worst_product_mean_delta": -0.005912828480860724
  },
  "hybrid_training_authorized": false,
  "method": "H3_short_proxy_plus_cross_fitted_full_DES_residual",
  "n_tapes": 48,
  "pooled": {
    "lcb95": 0.0052589489464193616,
    "mean": 0.00947856707288651
  },
  "rows": [
    {
      "baseline_calendar": [
        1,
        2,
        0,
        0,
        0,
        0,
        0,
        1
      ],
      "calendar": [
        1,
        0,
        0,
        0,
        1,
        0,
        0,
        1
      ],
      "cell": "rho75_share90",
      "fold": 0,
      "lost_order_delta": 0.0,
      "resource_delta": 0.0,
      "ret_delta": 0.0841632525265702,
      "tape": 7490004,
      "worst_product_delta": -0.09407235217201804
    },
    {
      "baseline_calendar": [
        1,
        1,
        0,
        3,
        1,
        2,
        0,
        1
      ],
      "calendar": [
        1,
        0,
        0,
        3,
        3,
        0,
        0,
        3
      ],
      "cell": "rho75_share90",
      "fold": 0,
      "lost_order_delta": 0.0,
      "resource_delta": 0.0,
      "ret_delta": -0.005226277251297984,
      "tape": 7490009,
      "worst_product_delta": -0.05685656767853686
    },
    {
      "baseline_calendar": [
        1,
        3,
        3,
        3,
        3,
        3,
        3,
        0
      ],
      "calendar": [
        1,
        3,
        3,
        3,
        3,
        3,
        2,
        0
      ],
      "cell": "rho75_share90",
      "fold": 0,
      "lost_order_delta": 0.0,
      "resource_delta": 0.0,
      "ret_delta": 0.0022934165351030655,
      "tape": 7490014,
      "worst_product_delta": 0.0856446406219119
    },
    {
      "baseline_calendar": [
        1,
        1,
        0,
        3,
        3,
        3,
        0,
        2
      ],
      "calendar": [
        1,
        0,
        0,
        3,
        3,
        3,
        3,
        0
      ],
      "cell": "rho75_share90",
      "fold": 0,
      "lost_order_delta": 0.0,
      "resource_delta": 0.0,
      "ret_delta": -0.032058182490873666,
      "tape": 7490019,
      "worst_product_delta": 0.0
    },
    {
      "baseline_calendar": [
        1,
        0,
        0,
        0,
        0,
        3,
        3,
        3
      ],
      "calendar": [
        1,
        0,
        0,
        0,
        0,
        3,
        2,
        3
      ],
      "cell": "rho75_share90",
      "fold": 0,
      "lost_order_delta": 0.0,
      "resource_delta": 0.0,
      "ret_delta": -0.005955239094497133,
      "tape": 7490024,
      "worst_product_delta": -0.0467725828415797
    },
    {
      "baseline_calendar": [
        1,
        3,
        3,
        1,
        2,
        3,
        1,
        0
      ],
      "calendar": [
        1,
        3,
        3,
        1,
        3,
        3,
        2,
        2
      ],
      "cell": "rho75_share90",
      "fold": 0,
      "lost_order_delta": 0.0,
      "resource_delta": 0.0,
      "ret_delta": 0.004737364990583526,
      "tape": 7490029,
      "worst_product_delta": -0.2263677727222284
    },
    {
      "baseline_calendar": [
        1,
        3,
        3,
        3,
        3,
        3,
        0,
        3
      ],
      "calendar": [
        1,
        3,
        3,
        3,
        3,
        3,
        0,
        3
      ],
      "cell": "rho75_share90",
      "fold": 0,
      "lost_order_delta": 0.0,
      "resource_delta": 0.0,
      "ret_delta": 0.0,
      "tape": 7490034,
      "worst_product_delta": 0.0
    },
    {
      "baseline_calendar": [
        1,
        0,
        0,
        0,
        3,
        0,
        0,
        0
      ],
      "calendar": [
        1,
        0,
        0,
        0,
        0,
        0,
        1,
        0
      ],
      "cell": "rho75_share90",
      "fold": 0,
      "lost_order_delta": 0.0,
      "resource_delta": 0.0,
      "ret_delta": 0.047386785804828135,
      "tape": 7490039,
      "worst_product_delta": 0.06915799936104505
    },
    {
      "baseline_calendar": [
        1,
        3,
        3,
        3,
        0,
        0,
        0,
        0
      ],
      "calendar": [
        1,
        3,
        3,
        2,
        0,
        0,
        0,
        3
      ],
      "cell": "rho75_share90",
      "fold": 0,
      "lost_order_delta": 0.0,
      "resource_delta": 0.0,
      "ret_delta": 0.015167989313584984,
      "tape": 7490044,
      "worst_product_delta": -0.09854595899912655
    },
    {
      "baseline_calendar": [
        1,
        0,
        1,
        0,
        3,
        3,
        3,
        2
      ],
      "calendar": [
        1,
        0,
        0,
        2,
        3,
        2,
        3,
        2
      ],
      "cell": "rho90_share75",
      "fold": 0,
      "lost_order_delta": 0.0,
      "resource_delta": 0.0,
      "ret_delta": 0.013214264001747522,
      "tape": 7490001,
      "worst_product_delta": 0.0
    },
    {
      "baseline_calendar": [
        1,
        3,
        3,
        1,
        3,
        3,
        3,
        0
      ],
      "calendar": [
        1,
        2,
        2,
        3,
        2,
        2,
        3,
        2
      ],
      "cell": "rho90_share75",
      "fold": 0,
      "lost_order_delta": 0.0,
      "resource_delta": 0.0,
      "ret_delta": -0.03924909347370609,
      "tape": 7490006,
      "worst_product_delta": 0.0
    },
    {
      "baseline_calendar": [
        1,
        3,
        3,
        0,
        1,
        0,
        2,
        0
      ],
      "calendar": [
        1,
        1,
        3,
        0,
        2,
        1,
        2,
        0
      ],
      "cell": "rho90_share75",
      "fold": 0,
      "lost_order_delta": 0.0,
      "resource_delta": 0.0,
      "ret_delta": 0.0033462647627363618,
      "tape": 7490011,
      "worst_product_delta": 0.0
    },
    {
      "baseline_calendar": [
        1,
        0,
        2,
        2,
        3,
        3,
        3,
        1
      ],
      "calendar": [
        1,
        0,
        2,
        1,
        3,
        3,
        3,
        1
      ],
      "cell": "rho90_share75",
      "fold": 0,
      "lost_order_delta": 0.0,
      "resource_delta": 0.0,
      "ret_delta": -0.020488685814248675,
      "tape": 7490016,
      "worst_product_delta": 0.048453509527913385
    },
    {
      "baseline_calendar": [
        1,
        3,
        3,
        3,
        0,
        0,
        0,
        0
      ],
      "calendar": [
        1,
        3,
        2,
        2,
        0,
        1,
        0,
        1
      ],
      "cell": "rho90_share75",
      "fold": 0,
      "lost_order_delta": 0.0,
      "resource_delta": 0.0,
      "ret_delta": 0.04596614130237553,
      "tape": 7490021,
      "worst_product_delta": 0.0
    },
    {
      "baseline_calendar": [
        1,
        2,
        0,
        1,
        3,
        2,
        3,
        2
      ],
      "calendar": [
        1,
        2,
        0,
        0,
        3,
        2,
        3,
        2
      ],
      "cell": "rho90_share75",
      "fold": 0,
      "lost_order_delta": 0.0,
      "resource_delta": 0.0,
      "ret_delta": -0.02598367616999364,
      "tape": 7490026,