{
  "diversity_pass": false,
  "gate": "DRA1_C_EXACT_BRANCHING",
  "guardrail_ci_high": {
    "backlog": 3.5506728841158266e-05,
    "lost": 0.0,
    "service": -0.0008027501837176946
  },
  "interpretation": "STOP_NO_DYNAMIC_ORACLE_HEADROOM",
  "mass_pass": true,
  "n_states": 60,
  "no_short_long_reversal": true,
  "oracle_action_counts": {
    "0.25|FIFO_PARTIAL": 3,
    "0.25|SPT_FULL": 55,
    "0.5|SPT_FULL": 1,
    "0.75|SPT_FULL": 1
  },
  "oracle_allocation_counts": {
    "0.25": 58,
    "0.5": 1,
    "0.75": 1
  },
  "oracle_delta_clipped": {
    "ci95": [
      1.1149099104943808e-05,
      0.0001818153182523811
    ],
    "mean": 8.520192018563651e-05
  },
  "oracle_delta_ret": {
    "ci95": [
      1.1149099104941958e-05,
      0.00018275838458279434
    ],
    "mean": 8.520192018563651e-05
  },
  "ppo_trained": false,
  "prefix_identity_pass": true,
  "state_categories": {
    "joint_scarcity": 15,
    "localized_r24_both_up": 15,
    "post_hit_recovery": 30
  },
  "virgin_tapes_opened": 0
}