{
  "bias": 0.8356983514891373,
  "calendars_per_tape_cell": 256,
  "claim_status": "BURNED_DEVELOPMENT_NO_CLAIM",
  "contract": {
    "causal_q21_only": true,
    "fit_selection_tapes_disjoint_from_q_calibration_and_confirmation": true,
    "gamma": 1.0,
    "terminal_potential_forced_to_zero_by_wrapper": true
  },
  "created_at": "2026-07-21T16:18:28.217930+00:00",
  "grouped_cross_validated_r2": [
    0.48179837702103545,
    0.4402580799294351,
    0.5025928039007139,
    0.46769867207481874,
    0.5000706210207425
  ],
  "reward_calibration": {
    "episode_count": 9216,
    "mean": 0.7334560213476122,
    "standard_deviation": 0.09522425583640888
  },
  "ridge_alpha": 1.0,
  "schema_version": "program_q2_q21_pbrs_potential_v1",
  "source_role": "already_burned_program_q_training",
  "source_tapes": [
    748100001,
    748100002,
    748100003,
    748100004,
    748100005,
    748100006,
    748100007,
    748100008,
    748100009,
    748100010,
    748100011,
    748100012
  ],
  "training_rows": 73728,
  "weights": [
    -0.04781745080803916,
    -0.017891421314362155,
    -0.00025157512061458785,
    0.00020048536695495292,
    -0.31552766451655245,
    -0.33195267967467845,
    -0.3523352277804303,
    -0.28419716070046147,
    -0.1589717036453689,
    -0.15974894218742414,
    0.37354570546810956,
    0.5644791977409447,
    0.015982368767596834,
    0.012789376668344897,
    0.0015994536720136817,
    0.0032121946235312304,
    -0.0016386558383004346,
    -0.004399147284664554,
    0.0012261547179088833,
    0.13156192048625825,
    -0.11511662087030734
  ]
}
