{
  "bias": 0.785810145178549,
  "calendars_per_tape_cell": 8,
  "claim_status": "BURNED_DEVELOPMENT_NO_CLAIM",
  "contract": {
    "causal_q21_only": true,
    "fit_selection_tapes_disjoint_from_q_calibration_and_confirmation": true,
    "gamma": 1.0,
    "terminal_potential_forced_to_zero_by_wrapper": true
  },
  "created_at": "2026-07-21T16:16:42.505223+00:00",
  "grouped_cross_validated_r2": [
    0.2809115785056222,
    0.3443311607129965,
    0.15365941570997332
  ],
  "reward_calibration": {
    "episode_count": 24,
    "mean": 0.7270355685592683,
    "standard_deviation": 0.07482133428171575
  },
  "ridge_alpha": 1.0,
  "schema_version": "program_q2_q21_pbrs_potential_v1",
  "source_role": "already_burned_program_q_training",
  "source_tapes": [
    748100001
  ],
  "training_rows": 192,
  "weights": [
    -0.048708562668005564,
    -0.1699578051792425,
    0.0004557115190777443,
    0.0007530783199931265,
    -0.15085380166924287,
    -0.06676110159735185,
    -0.14915303992327592,
    -0.06594236410870954,
    -0.09958816031581615,
    -0.06348594128231415,
    0.00950469958517488,
    0.028142758487719376,
    0.007137585841697688,
    0.005710052582878624,
    0.003587089228576906,
    0.014486789912613691,
    0.004088965112871587,
    0.0068481110190432536,
    -0.02901095527310577,
    0.029562920710277444,
    -0.025867551823583055
  ]
}
