{
  "calibration": {
    "frozen_best_constant": "M",
    "mean_ret_by_constant": {
      "M": 0.27170945963243187,
      "R": 0.26364636330281843,
      "T": 0.2637014533215714
    },
    "n": 60,
    "seed_start": 1100001
  },
  "gate": "PAPER2_BOTTLENECK_MIGRATION_LOCKED_CONFIRMATION",
  "gates": {
    "crn": true,
    "equal_team_hours": true,
    "favorable_tapes_min_0_70": false,
    "lost_noninferior": true,
    "mass_conservation": true,
    "ret_delta_min_0_01": false,
    "ret_lcb_positive": false,
    "service_lcb_positive": false,
    "service_reduction_min_0_05": false
  },
  "learner_1120001_opened": false,
  "locked": {
    "n": 120,
    "seed_start": 1110001
  },
  "max_mass_residual": 0.0,
  "means": {
    "constant_M": {
      "n_lost": 0.0,
      "ret_excel": 0.2864506310004329,
      "service_loss_auc": 168160541.975
    },
    "constant_R": {
      "n_lost": 0.0,
      "ret_excel": 0.2812430712405233,
      "service_loss_auc": 175092466.29166666
    },
    "constant_T": {
      "n_lost": 0.0,
      "ret_excel": 0.2832304850215402,
      "service_loss_auc": 180456863.51666668
    },
    "signal_adaptive": {
      "n_lost": 0.0,
      "ret_excel": 0.28514125938250934,
      "service_loss_auc": 172965911.75833333
    }
  },
  "ppo_trained": false,
  "signal_policy_minus_best_constant": {
    "favorable_tapes": 0.5333333333333333,
    "lost_delta_ci95": [
      0.0,
      0.0,
      0.0
    ],
    "ret_delta_ci95": [
      -0.0013093716179235963,
      -0.006384019811757724,
      0.003092795281669821
    ],
    "service_reduction_ci95": [
      -0.030349914744609387,
      -0.038768142693140856,
      -0.022458957058144654
    ]
  },
  "verdict": "STOP_NO_ADAPTIVE_BOTTLENECK_VALUE"
}
