{
  "bootstrap_draws": 10000,
  "bootstrap_seed": 20260722,
  "claim_status": "BURNED_DEVELOPMENT_NO_CLAIM",
  "clustering": "history_root",
  "config_id": "qr1_v2_scenario_h4_c256_wf0.00_unone_expected_tol0.0000_legacy",
  "created_at": "2026-07-23T01:41:21.025496+00:00",
  "note": "lost_orders excluded: np.zeros in the fast-path transducer, carries no information. Burned roots 7570801-7570824, reused across the c64 Pareto, the convergence ladder and the C1 diagnostic. Development only.",
  "schema_version": "q_r1_frozen_pareto_clustered_v1",
  "sesoi": 0.01,
  "source": "results/q_r1/comparator_v2_frozen_pareto_c256_v1/pareto_merged/result.json",
  "strata": {
    "POOLED": {
      "early_ret_complete_cohort": {
        "ci95": [
          0.051004303012766546,
          0.0869050218203864
        ],
        "lcb95_one_sided": 0.05437704487834693,
        "mean": 0.06970442269921436,
        "n_roots": 24
      },
      "unresolved_orders": {
        "ci95": [
          0.020833333333333332,
          0.8958333333333334
        ],
        "lcb95_one_sided": 0.08333333333333333,
        "mean": 0.4583333333333333,
        "n_roots": 24
      },
      "worst_product_fill": {
        "ci95": [
          -0.02874216587683402,
          0.00143502302692769
        ],
        "lcb95_one_sided": -0.025842841772010988,
        "mean": -0.013096164727167535,
        "n_roots": 24
      },
      "worst_product_within_bar": false
    },
    "binary_0.75": {
      "early_ret_complete_cohort": {
        "ci95": [
          0.03593001568261989,
          0.09560616707752122
        ],
        "lcb95_one_sided": 0.04109473955828122,
        "mean": 0.0675930936347603,
        "n_roots": 24
      },
      "unresolved_orders": {
        "ci95": [
          0.25,
          1.7083333333333333
        ],
        "lcb95_one_sided": 0.3333333333333333,
        "mean": 0.9166666666666666,
        "n_roots": 24
      },
      "worst_product_fill": {
        "ci95": [
          -0.05880499500914111,
          -0.002735399947846054
        ],
        "lcb95_one_sided": -0.05377112703632402,
        "mean": -0.02882816653403425,
        "n_roots": 24
      },
      "worst_product_within_bar": false
    },
    "binary_0.9": {
      "early_ret_complete_cohort": {
        "ci95": [
          0.05406654591550424,
          0.08723377124418785
        ],
        "lcb95_one_sided": 0.0572227483164983,
        "mean": 0.07181575176366842,
        "n_roots": 24
      },
      "unresolved_orders": {
        "ci95": [
          -0.625,
          0.5833333333333334
        ],
        "lcb95_one_sided": -0.5416666666666666,
        "mean": 0.0,
        "n_roots": 24
      },
      "worst_product_fill": {
        "ci95": [
          -0.01347759503792121,
          0.019745157195236125
        ],
        "lcb95_one_sided": -0.01134661155630647,
        "mean": 0.00263583707969918,
        "n_roots": 24
      },
      "worst_product_within_bar": true
    }
  },
  "worst_product_bar": -0.02
}