{
  "bootstrap_draws": 10000,
  "bootstrap_seed": 20260722,
  "calendars_enumerated_per_campaign": 65536,
  "campaigns": 48,
  "claim_status": "BURNED_DEVELOPMENT_NO_CLAIM",
  "clairvoyant_keys_not_deployable": [
    "ceiling",
    "ceiling_minus_frozen",
    "ceiling_minus_open_loop"
  ],
  "clustering": "history_root",
  "comparator": "qr1_v2_scenario_h4_c256_wf0.00_unone_expected_tol0.0000_legacy",
  "created_at": "2026-07-23T02:00:24.556350+00:00",
  "deployable_allowlist": [
    "frozen_c256_retained",
    "frozen_c256_reset",
    "open_loop_fixed_calendar"
  ],
  "elapsed_seconds": 100.36850987499929,
  "excluded_from_every_deployable_bound": [
    "placebo_arms",
    "oracle_arms",
    "per_episode_realized_selection"
  ],
  "frontier_replay_verification": {
    "checked": 48,
    "failures": 0,
    "tolerance": 1e-09
  },
  "learner_return_used": false,
  "objective": "early_ret_complete_cohort",
  "open_loop_selection": "leave_one_root_out_mean_objective",
  "schema_version": "q_r1_deployable_residual_vs_frozen_c256_v1",
  "selection_performed": false,
  "source_pareto": "results/q_r1/comparator_v2_frozen_pareto_c256_v1/pareto_merged/result.json",
  "source_pareto_sha256": "0032b615f54069d6302b4659203e7f2d64241ca13593aaf9333a88928e6a0cab",
  "strata": {
    "POOLED": {
      "bounds": {
        "ceiling_minus_frozen": {
          "ci95": [
            0.005380378687670331,
            0.03888237534070863
          ],
          "lcb95_one_sided": 0.00822730028459192,
          "mean": 0.02125395823312486,
          "n_pairs": 48,
          "n_roots": 24
        },
        "ceiling_minus_open_loop": {
          "ci95": [
            0.05362634122725267,
            0.11193418404030381
          ],
          "lcb95_one_sided": 0.05796465084876542,
          "mean": 0.08273051697530863,
          "n_pairs": 48,
          "n_roots": 24
        },
        "frozen_minus_open_loop": {
          "ci95": [
            0.03152654239568304,
            0.09046701514149436
          ],
          "lcb95_one_sided": 0.03647105040985252,
          "mean": 0.06147655874218377,
          "n_pairs": 48,
          "n_roots": 24
        },
        "frozen_minus_reset": {
          "ci95": [
            0.051513819056136764,
            0.08683624751984127
          ],
          "lcb95_one_sided": 0.05457564859908609,
          "mean": 0.06970442269921436,
          "n_pairs": 48,
          "n_roots": 24
        },
        "open_loop_minus_reset": {
          "ci95": [
            -0.02680305817350091,
            0.042568519082190906
          ],
          "lcb95_one_sided": -0.020980987328643612,
          "mean": 0.008227863957030589,
          "n_pairs": 48,
          "n_roots": 24
        }
      },
      "distinct_open_loop_calendars": 1,
      "open_loop_calendar_by_held_out_root": {
        "7570801": [
          0,
          0,
          3,
          3,
          3,
          3,
          3,
          3
        ],
        "7570802": [
          0,
          0,
          3,
          3,
          3,
          3,
          3,
          3
        ],
        "7570803": [
          0,
          0,
          3,
          3,
          3,
          3,
          3,
          3
        ],
        "7570804": [
          0,
          0,
          3,
          3,
          3,
          3,
          3,
          3
        ],
        "7570805": [
          0,
          0,
          3,
          3,
          3,
          3,
          3,
          3
        ],
        "7570806": [
          0,
          0,
          3,
          3,
          3,
          3,
          3,
          3
        ],
        "7570807": [
          0,
          0,
          3,
          3,
          3,
          3,
          3,
          3
        ],
        "7570808": [
          0,
          0,
          3,
          3,
          3,
          3,
          3,
          3
        ],
        "7570809": [
          0,
          0,
          3,
          3,
          3,
          3,
          3,
          3
        ],
        "7570810": [
          0,
          0,
          3,
          3,
          3,
          3,
          3,
          3
        ],
        "7570811": [
          0,
          0,
          3,
          3,
          3,
          3,
          3,
          3
        ],
        "7570812": [
          0,
          0,
          3,
          3,
          3,
          3,
          3,
          3
        ],
        "7570813": [
          0,
          0,
          3,
          3,
          3,
          3,
          3,
          3
        ],
        "7570814": [
          0,
          0,
          3,
          3,
          3,
          3,
          3,
          3
        ],
        "7570815": [
          0,
          0,
          3,
          3,
          3,
          3,
          3,
          3
        ],
        "7570816": [
          0,
          0,
          3,
          3,
          3,
          3,
          3,
          3
        ],
        "7570817": [
          0,
          0,
          3,
          3,
          3,
          3,
          3,
          3
        ],
        "7570818": [
          0,
          0,
          3,
          3,
          3,
          3,
          3,
          3
        ],
        "7570819": [
          0,
          0,
          3,
          3,
          3,
          3,
          3,
          3
        ],
        "7570820": [
          0,
          0,
          3,
          3,
          3,
          3,
          3,
          3
        ],
        "7570821": [
          0,
          0,
          3,
          3,
          3,
          3,
          3,
          3
        ],
        "7570822": [
          0,
          0,
          3,
          3,
          3,
          3,
          3,
          3
        ],
        "7570823": [
          0,
          0,
          3,
          3,
          3,
          3,
          3,
          3
        ],
        "7570824": [
          0,
          0,
          3,
          3,
          3,
          3,
          3,
          3
        ]
      }
    },
    "binary_0.75": {
      "bounds": {
        "ceiling_minus_frozen": {
          "ci95": [
            0.0072510822510821835,
            0.06567848625140289
          ],
          "lcb95_one_sided": 0.010760757375340638,
          "mean": 0.03330439814814811,
          "n_pairs": 24,
          "n_roots": 24
        },
        "ceiling_minus_open_loop": {
          "ci95": [
            0.044758973665223654,
            0.12439268992003365
          ],
          "lcb95_one_sided": 0.05040371472663139,
          "mean": 0.08364335317460315,
          "n_pairs": 24,
          "n_roots": 24
        },
        "frozen_minus_open_loop": {
          "ci95": [
            0.007333754208754261,
            0.09419826676988138
          ],
          "lcb95_one_sided": 0.01378340072350494,
          "mean": 0.05033895502645506,
          "n_pairs": 24,
          "n_roots": 24
        },
        "frozen_minus_reset": {
          "ci95": [
            0.036087083007655923,
            0.09617824449855698
          ],
          "lcb95_one_sided": 0.04134483475629313,
          "mean": 0.0675930936347603,
          "n_pairs": 24,
          "n_roots": 24
        },
        "open_loop_minus_reset": {
          "ci95": [
            -0.023604221781305116,
            0.058545624899791524
          ],
          "lcb95_one_sided": -0.017249792067500422,
          "mean": 0.017254138608305256,
          "n_pairs": 24,
          "n_roots": 24
        }
      },
      "distinct_open_loop_calendars": 1,
      "open_loop_calendar_by_held_out_root": {
        "7570801": [
          0,
          0,
          3,
          3,
          3,
          3,
          3,
          3
        ],
        "7570802": [
          0,
          0,
          3,
          3,
          3,
          3,
          3,
          3
        ],