{
  "arm": "TRS",
  "cells": {
    "Plong_Q65_L1_S125": {
      "H_PI_mean": 871.1916666666667,
      "H_obs_lo": 0.0,
      "H_obs_mean": 0.0,
      "eta": 0.0,
      "missions_obs": 11.783333333333333,
      "missions_static": 11.783333333333333,
      "passes": false
    },
    "Plong_Q65_L1_S150": {
      "H_PI_mean": 1020.6083333333333,
      "H_obs_lo": 508.225,
      "H_obs_mean": 771.5416666666666,
      "eta": 0.7559625386819953,
      "missions_obs": 11.766666666666667,
      "missions_static": 11.783333333333333,
      "passes": true
    },
    "Plong_Q65_L2_S125": {
      "H_PI_mean": 871.1916666666667,
      "H_obs_lo": 0.0,
      "H_obs_mean": 0.0,
      "eta": 0.0,
      "missions_obs": 11.783333333333333,
      "missions_static": 11.783333333333333,
      "passes": false
    },
    "Plong_Q65_L2_S150": {
      "H_PI_mean": 1020.6083333333333,
      "H_obs_lo": 508.225,
      "H_obs_mean": 771.5416666666666,
      "eta": 0.7559625386819953,
      "missions_obs": 11.766666666666667,
      "missions_static": 11.783333333333333,
      "passes": true
    },
    "Plong_Q75_L1_S125": {
      "H_PI_mean": 871.1916666666667,
      "H_obs_lo": 0.0,
      "H_obs_mean": 0.0,
      "eta": 0.0,
      "missions_obs": 11.783333333333333,
      "missions_static": 11.783333333333333,
      "passes": false
    },
    "Plong_Q75_L1_S150": {
      "H_PI_mean": 1020.6083333333333,
      "H_obs_lo": 508.225,
      "H_obs_mean": 771.5416666666666,
      "eta": 0.7559625386819953,
      "missions_obs": 11.766666666666667,
      "missions_static": 11.783333333333333,
      "passes": true
    },
    "Plong_Q75_L2_S125": {
      "H_PI_mean": 871.1916666666667,
      "H_obs_lo": 0.0,
      "H_obs_mean": 0.0,
      "eta": 0.0,
      "missions_obs": 11.783333333333333,
      "missions_static": 11.783333333333333,
      "passes": false
    },
    "Plong_Q75_L2_S150": {
      "H_PI_mean": 1020.6083333333333,
      "H_obs_lo": 508.225,
      "H_obs_mean": 771.5416666666666,
      "eta": 0.7559625386819953,
      "missions_obs": 11.766666666666667,
      "missions_static": 11.783333333333333,
      "passes": true
    },
    "Plong_Q85_L1_S125": {
      "H_PI_mean": 871.1916666666667,
      "H_obs_lo": 0.0,
      "H_obs_mean": 0.0,
      "eta": 0.0,
      "missions_obs": 11.783333333333333,
      "missions_static": 11.783333333333333,
      "passes": false
    },
    "Plong_Q85_L1_S150": {
      "H_PI_mean": 1020.6083333333333,
      "H_obs_lo": 508.225,
      "H_obs_mean": 771.5416666666666,
      "eta": 0.7559625386819953,
      "missions_obs": 11.766666666666667,
      "missions_static": 11.783333333333333,
      "passes": true
    },
    "Plong_Q85_L2_S125": {
      "H_PI_mean": 871.1916666666667,
      "H_obs_lo": 0.0,
      "H_obs_mean": 0.0,
      "eta": 0.0,
      "missions_obs": 11.783333333333333,
      "missions_static": 11.783333333333333,
      "passes": false
    },
    "Plong_Q85_L2_S150": {
      "H_PI_mean": 1020.6083333333333,
      "H_obs_lo": 508.225,
      "H_obs_mean": 771.5416666666666,
      "eta": 0.7559625386819953,
      "missions_obs": 11.766666666666667,
      "missions_static": 11.783333333333333,
      "passes": true
    },
    "Pshort_Q65_L1_S125": {
      "H_PI_mean": 871.1916666666667,
      "H_obs_lo": 0.0,
      "H_obs_mean": 0.0,
      "eta": 0.0,
      "missions_obs": 11.783333333333333,
      "missions_static": 11.783333333333333,
      "passes": false
    },
    "Pshort_Q65_L1_S150": {
      "H_PI_mean": 1020.6083333333333,
      "H_obs_lo": 508.225,
      "H_obs_mean": 771.5416666666666,
      "eta": 0.7559625386819953,
      "missions_obs": 11.766666666666667,
      "missions_static": 11.783333333333333,
      "passes": true
    },
    "Pshort_Q65_L2_S125": {
      "H_PI_mean": 871.1916666666667,
      "H_obs_lo": 0.0,
      "H_obs_mean": 0.0,
      "eta": 0.0,
      "missions_obs": 11.783333333333333,
      "missions_static": 11.783333333333333,
      "passes": false
    },
    "Pshort_Q65_L2_S150": {
      "H_PI_mean": 1020.6083333333333,
      "H_obs_lo": 508.225,
      "H_obs_mean": 771.5416666666666,
      "eta": 0.7559625386819953,
      "missions_obs": 11.766666666666667,
      "missions_static": 11.783333333333333,
      "passes": true
    },
    "Pshort_Q75_L1_S125": {
      "H_PI_mean": 871.1916666666667,
      "H_obs_lo": 0.0,
      "H_obs_mean": 0.0,
      "eta": 0.0,
      "missions_obs": 11.783333333333333,
      "missions_static": 11.783333333333333,
      "passes": false
    },
    "Pshort_Q75_L1_S150": {
      "H_PI_mean": 1020.6083333333333,
      "H_obs_lo": 508.225,
      "H_obs_mean": 771.5416666666666,
      "eta": 0.7559625386819953,
      "missions_obs": 11.766666666666667,
      "missions_static": 11.783333333333333,
      "passes": true
    },
    "Pshort_Q75_L2_S125": {
      "H_PI_mean": 871.1916666666667,
      "H_obs_lo": 0.0,
      "H_obs_mean": 0.0,
      "eta": 0.0,
      "missions_obs": 11.783333333333333,
      "missions_static": 11.783333333333333,
      "passes": false
    },
    "Pshort_Q75_L2_S150": {
      "H_PI_mean": 1020.6083333333333,
      "H_obs_lo": 508.225,
      "H_obs_mean": 771.5416666666666,
      "eta": 0.7559625386819953,
      "missions_obs": 11.766666666666667,
      "missions_static": 11.783333333333333,
      "passes": true
    },
    "Pshort_Q85_L1_S125": {
      "H_PI_mean": 871.1916666666667,
      "H_obs_lo": 0.0,
      "H_obs_mean": 0.0,
      "eta": 0.0,
      "missions_obs": 11.783333333333333,
      "missions_static": 11.783333333333333,
      "passes": false
    },
    "Pshort_Q85_L1_S150": {
      "H_PI_mean": 1020.6083333333333,
      "H_obs_lo": 508.225,
      "H_obs_mean": 771.5416666666666,
      "eta": 0.7559625386819953,
      "missions_obs": 11.766666666666667,
      "missions_static": 11.783333333333333,
      "passes": true
    },
    "Pshort_Q85_L2_S125": {
      "H_PI_mean": 871.1916666666667,
      "H_obs_lo": 0.0,
      "H_obs_mean": 0.0,
      "eta": 0.0,
      "missions_obs": 11.783333333333333,
      "missions_static": 11.783333333333333,
      "passes": false
    },
    "Pshort_Q85_L2_S150": {
      "H_PI_mean": 1020.6083333333333,
      "H_obs_lo": 508.225,
      "H_obs_mean": 771.5416666666666,
      "eta": 0.7559625386819953,
      "missions_obs": 11.766666666666667,
      "missions_static": 11.783333333333333,
      "passes": true
    }
  },
  "gate": "PROGRAM_G_G2_24CELL_SCREEN",
  "interpretation": "G2_PROMOTABLE_CONNECTED_REGION",
  "largest_connected_passing_component": [
    "Pshort_Q65_L1_S150",
    "Plong_Q65_L1_S150",
    "Plong_Q75_L1_S150",
    "Plong_Q85_L1_S150",
    "Plong_Q85_L2_S150",
    "Plong_Q75_L2_S150",
    "Plong_Q65_L2_S150",
    "Pshort_Q65_L2_S150",
    "Pshort_Q75_L2_S150",
    "Pshort_Q85_L2_S150",
    "Pshort_Q85_L1_S150",
    "Pshort_Q75_L1_S150"
  ],
  "n_cells": 24,
  "n_passing": 12,
  "ppo_trained": false,
  "promotable": true,
  "virgin_tapes_opened": 0
}
