{
  "status": "GO \u2014 PPO beats the best zero-learning comparator with CI95 > 0",
  "best_zero_learning_comparator": "regime_table_nominal:S3_op10_2.00_op12_1.50__strained:S2_op10_2.00_op12_1.50__pre_disruption:S2_op10_1.50_op12_1.00__disrupted:S2_op10_2.00_op12_1.50__recovery:S1_op10_2.00_op12_1.50",
  "best_zero_learning_comparator_mean": 0.005493946289589255,
  "ppo_mean": 0.005892652189433801,
  "delta_mean": 0.0003987058998445452,
  "delta_ci95": [
    0.0003693285118490827,
    0.0004302701700207117
  ]
}