seed,episode_count,mean_delta,min_delta,positive_pairs
1,12,0.0004341126205516667,0.00020046042785989981,12
2,12,0.00040756949753942507,0.00020551041962640036,12
3,12,0.0004466267625730749,0.00014215523534160009,12
4,12,0.00042949653796999166,7.785364860860011e-05,12
5,12,0.0004141772223741334,0.0001663113504948993,12
