{
  "dynamic_run_dir": "outputs/experiments/track_b_gain_2026-06-30/top_tier_confirm_v3_output/track_b_top_tier_confirm_5seed_60k_h104",
  "best_static_policy": "S2_op3_1.00_op9_1.25_op10_2.00_op12_1.50",
  "dynamic": {
    "order_level_ret": 0.0056660208639699,
    "ret_tail_cvar05": 0.005427912740071966,
    "service_loss_cvar95": 209069.33102946237,
    "assembly_cost_index": 0.6820512820512821,
    "flow_fill_rate": 0.9613204626333758,
    "cd_sigmoid_mean": 0.9385255968544496
  },
  "best_static": {
    "order_level_ret": 0.005612013140649405,
    "ret_tail_cvar05": 0.005389897934485063,
    "service_loss_cvar95": 373176.04133695806,
    "assembly_cost_index": 0.6666666666666666,
    "flow_fill_rate": 0.9313117954403676,
    "cd_sigmoid_mean": 0.9003925931760536,
    "shift": 2,
    "op10_mult": 2.0,
    "op12_mult": 1.5
  },
  "verdicts": {
    "raw_ret_win": true,
    "tail_ret_win": true,
    "service_loss_tail_win": true,
    "resource_efficient_win": false,
    "pareto_ret_cost": true
  },
  "deltas": {
    "order_level_ret": 5.400772332049466e-05,
    "ret_tail_cvar05": 3.801480558690302e-05,
    "service_loss_cvar95_signed_win": 164106.7103074957,
    "assembly_cost_index": 0.015384615384615441,
    "flow_fill_rate": 0.03000866719300821,
    "cd_sigmoid_mean": 0.038133003678396005
  },
  "seed_paired_ci95": {
    "order_level_ret_delta": [
      4.2440816374996535e-05,
      6.557463026595289e-05
    ],
    "flow_fill_rate_delta": [
      0.023473389998435994,
      0.03654394438758052
    ],
    "cd_sigmoid_mean_delta": [
      0.027748576512934553,
      0.048517430843857276
    ],
    "n_common_seeds": 5
  },
  "dominated_by_static": []
}