{
 "schema_version": "cvar_gate_instrument_audit_result_v1",
 "contract": "contracts/cvar_gate_instrument_audit_v1.json",
 "burned_data_only": true,
 "sealed_or_virgin_opened": false,
 "M0_machinery_identity": {
  "per_cell": {
   "rho75_share90::guardrail::ret_visible_cvar10": {
    "reproduced_lcb95": -0.008577578152472044,
    "published_lcb95": -0.008577578152472065
   },
   "rho90_share75::guardrail::ret_visible_cvar10": {
    "reproduced_lcb95": -0.015506924441750825,
    "published_lcb95": -0.01550692444175086
   },
   "rho90_share90::guardrail::ret_visible_cvar10": {
    "reproduced_lcb95": 0.056883211987823076,
    "published_lcb95": 0.05688321198782309
   }
  },
  "reproduced_critical": 2.8357534289190323,
  "published_critical": 2.8357534289190336,
  "tolerance": 0.0005,
  "pass": true
 },
 "reductions_disclosed": {
  "outer_worlds": 600,
  "inner_resamples": 2000,
  "identity_check_resamples": 10000
 },
 "A1_A3_A4_power": {
  "shift_grid": [
   0.0,
   0.01,
   0.02,
   0.03,
   0.05,
   0.08
  ],
  "margins": [
   0.0,
   -0.01,
   -0.02
  ],
  "cell_order": [
   "rho75_share90::guardrail::ret_visible_cvar10",
   "rho90_share75::guardrail::ret_visible_cvar10",
   "rho90_share90::guardrail::ret_visible_cvar10"
  ],
  "power": {
   "+0.00": {
    "+0.00": {
     "per_cell_pass": [
      0,
      1,
      1
     ],
     "all_cells_pass": 0,
     "per_cell_power": [
      0.0,
      0.0016666666666666668,
      0.0016666666666666668
     ],
     "all_cells_power": 0.0
    },
    "-0.01": {
     "per_cell_pass": [
      8,
      14,
      5
     ],
     "all_cells_pass": 3,
     "per_cell_power": [
      0.013333333333333334,
      0.023333333333333334,
      0.008333333333333333
     ],
     "all_cells_power": 0.005
    },
    "-0.02": {
     "per_cell_pass": [
      37,
      57,
      11
     ],
     "all_cells_pass": 9,
     "per_cell_power": [
      0.06166666666666667,
      0.095,
      0.018333333333333333
     ],
     "all_cells_power": 0.015
    }
   },
   "+0.01": {
    "+0.00": {
     "per_cell_pass": [
      7,
      13,
      5
     ],
     "all_cells_pass": 4,
     "per_cell_power": [
      0.011666666666666667,
      0.021666666666666667,
      0.008333333333333333
     ],
     "all_cells_power": 0.006666666666666667
    },
    "-0.01": {
     "per_cell_pass": [
      37,
      58,
      12
     ],
     "all_cells_pass": 10,
     "per_cell_power": [
      0.06166666666666667,
      0.09666666666666666,
      0.02
     ],
     "all_cells_power": 0.016666666666666666
    },
    "-0.02": {
     "per_cell_pass": [
      105,
      207,
      30
     ],
     "all_cells_pass": 28,
     "per_cell_power": [
      0.175,
      0.345,
      0.05
     ],
     "all_cells_power": 0.04666666666666667
    }
   },
   "+0.02": {
    "+0.00": {
     "per_cell_pass": [
      38,
      56,
      10
     ],
     "all_cells_pass": 8,
     "per_cell_power": [
      0.06333333333333334,
      0.09333333333333334,
      0.016666666666666666
     ],
     "all_cells_power": 0.013333333333333334
    },
    "-0.01": {
     "per_cell_pass": [
      106,
      203,
      32
     ],
     "all_cells_pass": 28,
     "per_cell_power": [
      0.17666666666666667,
      0.3383333333333333,
      0.05333333333333334
     ],
     "all_cells_power": 0.04666666666666667
    },
    "-0.02": {
     "per_cell_pass": [
      260,
      410,
      78
     ],
     "all_cells_pass": 76,
     "per_cell_power": [
      0.43333333333333335,
      0.6833333333333333,
      0.13
     ],
     "all_cells_power": 0.12666666666666668
    }
   },
   "+0.03": {
    "+0.00": {
     "per_cell_pass": [
      106,
      208,
      33
     ],
     "all_cells_pass": 30,
     "per_cell_power": [
      0.17666666666666667,
      0.3466666666666667,
      0.055
     ],
     "all_cells_power": 0.05
    },
    "-0.01": {
     "per_cell_pass": [
      264,
      409,
      76
     ],
     "all_cells_pass": 75,
     "per_cell_power": [
      0.44,
      0.6816666666666666,
      0.12666666666666668
     ],
     "all_cells_power": 0.125
    },
    "-0.02": {
     "per_cell_pass": [
      434,
      563,
      134
     ],
     "all_cells_pass": 134,
     "per_cell_power": [
      0.7233333333333334,
      0.9383333333333334,
      0.22333333333333333
     ],
     "all_cells_power": 0.22333333333333333
    }
   },
   "+0.05": {
    "+0.00": {
     "per_cell_pass": [
      436,
      563,
      140
     ],
     "all_cells_pass": 140,
     "per_cell_power": [
      0.7266666666666667,
      0.9383333333333334,
      0.23333333333333334
     ],
     "all_cells_power": 0.23333333333333334
    },
    "-0.01": {
     "per_cell_pass": [
      535,
      597,
      244
     ],
     "all_cells_pass": 244,
     "per_cell_power": [
      0.8916666666666667,
      0.995,
      0.4066666666666667
     ],
     "all_cells_power": 0.4066666666666667
    },
    "-0.02": {
     "per_cell_pass": [
      592,
      600,
      362
     ],
     "all_cells_pass": 362,
     "per_cell_power": [
      0.9866666666666667,
      1.0,
      0.6033333333333334
     ],
     "all_cells_power": 0.6033333333333334
    }
   },
   "+0.08": {
    "+0.00": {
     "per_cell_pass": [
      600,
      600,
      492
     ],
     "all_cells_pass": 492,
     "per_cell_power": [
      1.0,
      1.0,
      0.82
     ],
     "all_cells_power": 0.82
    },
    "-0.01": {
     "per_cell_pass": [
      600,
      600,
      553
     ],
     "all_cells_pass": 553,
     "per_cell_power": [
      1.0,
      1.0,
      0.9216666666666666
     ],
     "all_cells_power": 0.9216666666666666
    },
    "-0.02": {
     "per_cell_pass": [
      600,
      600,
      594
     ],
     "all_cells_pass": 594,
     "per_cell_power": [
      1.0,
      1.0,
      0.99
     ],
     "all_cells_power": 0.99
    }
   }
  },
  "A3_trivial_note": "s=+0.00 row IS the truly-equivalent policy (real noise, zero true effect); the degenerate literal self-comparison has delta==0 -> SE=0 -> inactive -> LCB=point=0 -> PASSES via the zero-variance exact bound (analytic)"
 },
 "A1_min_true_effect_for_80pct_power_margin0": 0.07897727272727273,
 "A2_positive_controls": {
  "mean_oracle_argmax_ret_visible": {
   "family": "metric estimands only (no placebos) -> smaller critical -> EASIER gate; a failure here holds a fortiori for the full family",
   "critical": 2.4549308794889706,
   "per_cell": {
    "rho75_share90::guardrail::ret_visible_cvar10": {
     "point": 0.1106759442966443,
     "lcb95": 0.08346914162004931,
     "passes_margin0": true
    },
    "rho90_share75::guardrail::ret_visible_cvar10": {
     "point": 0.07318436301247788,
     "lcb95": 0.04848799623126432,
     "passes_margin0": true
    },
    "rho90_share90::guardrail::ret_visible_cvar10": {
     "point": 0.2004965560251907,
     "lcb95": 0.1528781807097317,
     "passes_margin0": true
    }
   }
  },
  "tail_oracle_argmax_cvar10": {
   "family": "metric estimands only (no placebos) -> smaller critical -> EASIER gate; a failure here holds a fortiori for the full family",
   "critical": 2.478952292827047,
   "per_cell": {
    "rho75_share90::guardrail::ret_visible_cvar10": {
     "point": 0.1163591268548269,
     "lcb95": 0.08941246687321842,
     "passes_margin0": true
    },
    "rho90_share75::guardrail::ret_visible_cvar10": {
     "point": 0.07590981630314857,
     "lcb95": 0.05148489393902371,
     "passes_margin0": true
    },
    "rho90_share90::guardrail::ret_visible_cvar10": {
     "point": 0.20581280227893695,
     "lcb95": 0.1581563323150588,
     "passes_margin0": true
    }
   }
  }
 },
 "decision": {
  "trivial_equivalent_pass_probability_margin0": 0.0,
  "mean_oracle_fails_margin0": false,
  "instrument_defect_certified": true,
  "rule": "defect iff trivial-equivalent pass prob < 0.5 OR the mean-oracle fails margin-0 (frozen in contract)",
  "consequence": "documented instrument mis-specification -> hand to INDEPENDENT AUDITOR for adjudication together with Garrido M2; STOP unchanged"
 },