{
  "burned_tapes": [
    7430001,
    7430002,
    7430003
  ],
  "candidate_count": 12,
  "claim_status": "EXPLORATORY_NO_CLAIM",
  "created_at": "2026-07-21T01:33:29.554286+00:00",
  "hybrid_training_authorized": false,
  "new_scientific_seeds_opened": [],
  "promoted_rows": [
    {
      "best_static_calendar_index": 0,
      "classical_h_obs_by_tape": [
        0.025424718401692248,
        0.058834457567440046,
        -0.029392746965416272
      ],
      "classical_h_obs_loo_mean": 0.018288809667905342,
      "distance": 0.9155368422016255,
      "group": 1,
      "h_pi_sampled_mean": 0.03898609967347436,
      "lost_orders_max_at_static": 0.0,
      "mask": "LOC_SURGE",
      "oracle_calendar_indices": [
        12,
        0,
        0
      ],
      "point": 1,
      "product_cell": "rho75_share90",
      "ranking_reversal": true,
      "resource_range": 0.0,
      "resources_exact": true,
      "selected_rules": [
        "lag_trend",
        "lag_trend",
        "lag_trend"
      ],
      "selected_statics": [
        "static_0",
        "static_12",
        "static_0"
      ],
      "trajectory": 8,
      "worst_product_delta_mean": 0.6567361453693206,
      "worst_product_fill_mean_at_static": 0.0835078871797461
    }
  ],
  "promotion_count": 1,
  "rows": [
    {
      "best_static_calendar_index": 0,
      "classical_h_obs_by_tape": [
        0.07968993298023841,
        -0.06705798822203701,
        -0.1405527199336355
      ],
      "classical_h_obs_loo_mean": -0.04264025839181137,
      "distance": 0.10408951367381225,
      "group": 2,
      "h_pi_sampled_mean": 0.09139375498645318,
      "lost_orders_max_at_static": 0.0,
      "mask": "CROSS_ECHELON_SURGE",
      "oracle_calendar_indices": [
        0,
        31,
        0
      ],
      "point": 2,
      "product_cell": "rho90_share90",
      "ranking_reversal": true,
      "resource_range": 0.0,
      "resources_exact": true,
      "selected_rules": [
        "lag_trend",
        "ewma_0.75",
        "ewma_0.75"
      ],
      "selected_statics": [
        "static_3",
        "static_0",
        "static_0"
      ],
      "trajectory": 3,
      "worst_product_delta_mean": 0.43820623691150046,
      "worst_product_fill_mean_at_static": 0.42644745680832247
    },
    {
      "best_static_calendar_index": 10,
      "classical_h_obs_by_tape": [
        -0.09190774253427048,
        0.02908795648048204,
        -0.0814778289925232
      ],
      "classical_h_obs_loo_mean": -0.04809920501543721,
      "distance": 0.10408951367381225,
      "group": 2,
      "h_pi_sampled_mean": 0.07656038534200506,
      "lost_orders_max_at_static": 0.0,
      "mask": "CROSS_ECHELON_SURGE",
      "oracle_calendar_indices": [
        1,
        31,
        0
      ],
      "point": 2,
      "product_cell": "rho90_share75",
      "ranking_reversal": true,
      "resource_range": 0.0,
      "resources_exact": true,
      "selected_rules": [
        "ewma_0.75",
        "lag1",
        "lag1"
      ],
      "selected_statics": [
        "static_0",
        "static_1",
        "static_10"
      ],
      "trajectory": 3,
      "worst_product_delta_mean": 0.23395612570246457,
      "worst_product_fill_mean_at_static": 0.9362317785894092
    },
    {
      "best_static_calendar_index": 0,
      "classical_h_obs_by_tape": [
        0.003772265087366611,
        0.07134765795201015,
        -0.16240869313781603
      ],
      "classical_h_obs_loo_mean": -0.029096256699479756,
      "distance": 0.21901365420447538,
      "group": 1,
      "h_pi_sampled_mean": 0.03898609967347436,
      "lost_orders_max_at_static": 0.0,
      "mask": "LOC_SURGE",
      "oracle_calendar_indices": [
        12,
        0,
        0
      ],
      "point": 0,
      "product_cell": "rho75_share90",
      "ranking_reversal": true,
      "resource_range": 0.0,
      "resources_exact": true,
      "selected_rules": [
        "lag1",
        "lag_trend",
        "ewma_0.75"
      ],
      "selected_statics": [
        "static_0",
        "static_12",
        "static_0"
      ],
      "trajectory": 6,
      "worst_product_delta_mean": 0.6674503804119037,
      "worst_product_fill_mean_at_static": 0.0835078871797461
    },
    {
      "best_static_calendar_index": 10,
      "classical_h_obs_by_tape": [
        -0.03180205667568259,
        -0.007384658489732132,
        -0.06571340630177247
      ],
      "classical_h_obs_loo_mean": -0.03496670715572906,
      "distance": 0.21901365420447538,
      "group": 1,
      "h_pi_sampled_mean": 0.037385891291276674,
      "lost_orders_max_at_static": 0.0,
      "mask": "LOC_SURGE",
      "oracle_calendar_indices": [
        10,
        19,
        0
      ],
      "point": 0,
      "product_cell": "rho90_share75",
      "ranking_reversal": true,
      "resource_range": 0.0,
      "resources_exact": true,
      "selected_rules": [
        "ewma_0.75",
        "lag1",
        "lag1"
      ],
      "selected_statics": [
        "static_19",
        "static_0",
        "static_10"
      ],
      "trajectory": 6,
      "worst_product_delta_mean": 0.2957608525479018,
      "worst_product_fill_mean_at_static": 0.9359268073596864
    },
    {
      "best_static_calendar_index": 0,
      "classical_h_obs_by_tape": [
        0.07968993298023841,
        -0.06705798822203701,
        -0.1405527199336355
      ],
      "classical_h_obs_loo_mean": -0.04264025839181137,
      "distance": 0.5900838028107607,
      "group": 2,
      "h_pi_sampled_mean": 0.09139375498645318,
      "lost_orders_max_at_static": 0.0,
      "mask": "CROSS_ECHELON_SURGE",
      "oracle_calendar_indices": [
        0,
        31,
        0
      ],
      "point": 1,
      "product_cell": "rho90_share90",
      "ranking_reversal": true,
      "resource_range": 0.0,
      "resources_exact": true,
      "selected_rules": [
        "lag_trend",
        "ewma_0.75",
        "ewma_0.75"
      ],
      "selected_statics": [
        "static_3",
        "static_0",
        "static_0"
      ],
      "trajectory": 3,
      "worst_product_delta_mean": 0.43820623691150046,
      "worst_product_fill_mean_at_static": 0.42644745680832247
    },
    {
      "best_static_calendar_index": 10,
      "classical_h_obs_by_tape": [
        -0.09190774253427048,
        0.02908795648048204,
        -0.0814778289925232
      ],
      "classical_h_obs_loo_mean": -0.04809920501543721,
      "distance": 0.5900838028107607,
      "group": 2,
      "h_pi_sampled_mean": 0.07656038534200506,
      "lost_orders_max_at_static": 0.0,
      "mask": "CROSS_ECHELON_SURGE",
      "oracle_calendar_indices": [
        1,
        31,
        0
      ],
      "point": 1,
      "product_cell": "rho90_share75",
      "ranking_reversal": true,
      "resource_range": 0.0,
      "resources_exact": true,
      "selected_rules": [
        "ewma_0.75",
        "lag1",
        "lag1"
      ],
      "selected_statics": [
        "static_0",
        "static_1",
        "static_10"
      ],
      "trajectory": 3,
      "worst_product_delta_mean": 0.23395612570246457,
      "worst_product_fill_mean_at_static": 0.9362317785894092
    },
    {
      "best_static_calendar_index": 0,
      "classical_h_obs_by_tape": [
        0.033243051042777694,
        0.05906744051884677,
        -0.1451947867688742
      ],
      "classical_h_obs_loo_mean": -0.01762809840241658,
      "distance": 0.6918003852647123,
      "group": 1,
      "h_pi_sampled_mean": 0.038490176508399365,
      "lost_orders_max_at_static": 0.0,
      "mask": "LOC_SURGE",
      "oracle_calendar_indices": [
        12,
        0,
        0
      ],
      "point": 0,
      "product_cell": "rho75_share90",
      "ranking_reversal": true,
      "resource_range": 0.0,
      "resources_exact": true,
      "selected_rules": [
        "lag1",
        "lag_trend",
        "ewma_0.75"
      ],
      "selected_statics": [
        "static_0",
        "static_11",
        "static_0"
      ],
      "trajectory": 0,