{
  "burned_seed_range": [
    7490001,
    7490256
  ],
  "claim_status": "EXPLORATORY_NO_CLAIM",
  "created_at": "2026-07-21T01:26:11.798454+00:00",
  "cross_fitting": "five_fold_grouped_by_complete_cell_tape",
  "gru_authorized": false,
  "n_rows": 1152,
  "n_tapes": 48,
  "reason_gru_not_authorized": "decision rollout and structured-model non-reproducibility gates remain required",
  "results": {
    "adaptive_exact_bayes": {
      "action_change_fraction": 0.0,
      "cells": {
        "rho75_share90": {
          "action_change_fraction": 0.0,
          "log_score_delta": -0.05362158909461782
        },
        "rho90_share75": {
          "action_change_fraction": 0.0,
          "log_score_delta": 0.4320078394708209
        },
        "rho90_share90": {
          "action_change_fraction": 0.0,
          "log_score_delta": 0.0021815583911093325
        }
      },
      "cluster_lcb95": 0.08509382440897185,
      "delta_vs_frozen": 0.12685593625577077,
      "mean_log_score": -1.6152801749694476
    },
    "current_logistic": {
      "action_change_fraction": 0.1267361111111111,
      "cells": {
        "rho75_share90": {
          "action_change_fraction": 0.10677083333333333,
          "log_score_delta": -0.09752834263998329
        },
        "rho90_share75": {
          "action_change_fraction": 0.16666666666666666,
          "log_score_delta": 0.28399854676618924
        },
        "rho90_share90": {
          "action_change_fraction": 0.10677083333333333,
          "log_score_delta": -0.02371784456767004
        }
      },
      "cluster_lcb95": 0.01751107520447854,
      "delta_vs_frozen": 0.05425078651951197,
      "mean_log_score": -1.6878853247057064
    },
    "frozen_hmm": {
      "mean_log_score": -1.7421361112252187
    },
    "history_boosting": {
      "action_change_fraction": 0.046875,
      "cells": {
        "rho75_share90": {
          "action_change_fraction": 0.046875,
          "log_score_delta": 0.03422911446541576
        },
        "rho90_share75": {
          "action_change_fraction": 0.057291666666666664,
          "log_score_delta": 0.26555981787504757
        },
        "rho90_share90": {
          "action_change_fraction": 0.036458333333333336,
          "log_score_delta": 0.08724206348691084
        }
      },
      "cluster_lcb95": 0.0915902110922272,
      "delta_vs_frozen": 0.12901033194245806,
      "mean_log_score": -1.6131257792827602
    },
    "history_logistic": {
      "action_change_fraction": 0.1579861111111111,
      "cells": {
        "rho75_share90": {
          "action_change_fraction": 0.15364583333333334,
          "log_score_delta": -0.08895726446766754
        },
        "rho90_share75": {
          "action_change_fraction": 0.16666666666666666,
          "log_score_delta": 0.306717387175687
        },
        "rho90_share90": {
          "action_change_fraction": 0.15364583333333334,
          "log_score_delta": -0.022956883834841135
        }
      },
      "cluster_lcb95": 0.0227893727901575,
      "delta_vs_frozen": 0.06493441295772612,
      "mean_log_score": -1.6772016982674922
    }
  },
  "schema_version": "program_t_d3_history_predictability_v1",
  "verdict": "STOP_NO_HISTORY_PREDICTIVE_INCREMENT"
}
