cell,H_OL,H_OL_LCB95,Delta_N,Delta_N_CI95,favorable_tapes,positive_seeds
rho75_share90,+0.07952,+0.06608,-0.00159,"[-0.00627, +0.00310]",84.8%,10/10
rho90_share75,+0.07255,+0.06233,-0.00072,"[-0.00552, +0.00408]",89.8%,10/10
rho90_share90,+0.11724,+0.10614,-0.00041,"[-0.00268, +0.00186]",95.7%,10/10
