{
  "5d": {
    "ppo_r": 177.04144388858512,
    "ppo_f": 0.6068120342114672,
    "s2_r": 178.50151888495142,
    "s2_f": 0.6156012534046597
  },
  "7d": {
    "ppo_r": 250.47991504602405,
    "ppo_f": 0.9637550732594216,
    "s2_r": 178.50151888495142,
    "s2_f": 0.6156012534046597
  },
  "gap_5d": -0.008789219193192421,
  "gap_7d": 0.3481538198547619,
  "verdict": "CAUSAL: downstream control provides additional advantage beyond obs/risk"
}