{
  "disruption/largest": {
    "R1": {
      "served": 16842,
      "lost": 256,
      "quantiles": {
        "CTj": {
          "n": 16842,
          "mean": 589.7801923762023,
          "p50": 54.0,
          "p90": 72.0,
          "p95": 360.0,
          "p99": 15310.800000000017,
          "max": 105360.0
        },
        "RPj": {
          "n": 16842,
          "mean": 139.9877768932915,
          "p50": 2.3202637164504267,
          "p90": 55.0,
          "p95": 102.5301708118145,
          "p99": 3770.378402612112,
          "max": 25380.91569876512
        },
        "DPj": {
          "n": 16842,
          "mean": 589.7801923762023,
          "p50": 54.0,
          "p90": 72.0,
          "p95": 360.0,
          "p99": 15310.800000000017,
          "max": 105360.0
        },
        "APj": {
          "n": 16842,
          "mean": 0.0,
          "p50": 0.0,
          "p90": 0.0,
          "p95": 0.0,
          "p99": 0.0,
          "max": 0.0
        }
      }
    },
    "R2": {
      "served": 16614,
      "lost": 490,
      "quantiles": {
        "CTj": {
          "n": 16614,
          "mean": 804.8645720476707,
          "p50": 54.0,
          "p90": 288.0,
          "p95": 1320.0,
          "p99": 21548.879999999976,
          "max": 110040.0
        },
        "RPj": {
          "n": 16614,
          "mean": 32.260307738386366,
          "p50": 0.0,
          "p90": 43.21700106710946,
          "p95": 69.9985893991321,
          "p99": 736.6278575610726,
          "max": 4360.963048949061
        },
        "DPj": {
          "n": 16614,
          "mean": 755.9649693029975,
          "p50": 0.0,
          "p90": 144.0,
          "p95": 1320.0,
          "p99": 21548.879999999976,
          "max": 110040.0
        },
        "APj": {
          "n": 16614,
          "mean": 0.0,
          "p50": 0.0,
          "p90": 0.0,
          "p95": 0.0,
          "p99": 0.0,
          "max": 0.0
        }
      }
    }
  },
  "disruption/oldest": {
    "R1": {
      "served": 16822,
      "lost": 276,
      "quantiles": {
        "CTj": {
          "n": 16822,
          "mean": 854.4974438235644,
          "p50": 54.0,
          "p90": 54.0,
          "p95": 288.0,
          "p99": 30277.920000000042,
          "max": 142368.0
        },
        "RPj": {
          "n": 16822,
          "mean": 198.6971680569842,
          "p50": 2.3265174301704974,
          "p90": 55.0,
          "p95": 98.0,
          "p99": 7178.969691228036,
          "max": 32640.439651488286
        },
        "DPj": {
          "n": 16822,
          "mean": 854.4974438235644,
          "p50": 54.0,
          "p90": 54.0,
          "p95": 288.0,
          "p99": 30277.920000000042,
          "max": 142368.0
        },
        "APj": {
          "n": 16822,
          "mean": 0.0,
          "p50": 0.0,
          "p90": 0.0,
          "p95": 0.0,
          "p99": 0.0,
          "max": 0.0
        }
      }
    },
    "R2": {
      "served": 16607,
      "lost": 501,
      "quantiles": {
        "CTj": {
          "n": 16607,
          "mean": 967.254772084061,
          "p50": 54.0,
          "p90": 144.0,
          "p95": 936.0,
          "p99": 28452.47999999975,
          "max": 139128.0
        },
        "RPj": {
          "n": 16607,
          "mean": 40.135149568315974,
          "p50": 0.0,
          "p90": 35.145317511501936,
          "p95": 54.0,
          "p99": 1145.8573553089918,
          "max": 6276.261940628218
        },
        "DPj": {
          "n": 16607,
          "mean": 918.9393629192509,
          "p50": 0.0,
          "p90": 54.0,
          "p95": 936.0,
          "p99": 28452.47999999975,
          "max": 139128.0
        },
        "APj": {
          "n": 16607,
          "mean": 0.0,
          "p50": 0.0,
          "p90": 0.0,
          "p95": 0.0,
          "p99": 0.0,
          "max": 0.0
        }
      }
    }
  }
}