{
  "disruption/largest": {
    "R1": {
      "served": 16842,
      "lost": 256,
      "quantiles": {
        "CTj": {
          "n": 16842,
          "mean": 589.7801923762023,
          "p50": 54.0,
          "p90": 72.0,
          "p95": 360.0,
          "p99": 15310.800000000017,
          "max": 105360.0
        },
        "RPj": {
          "n": 16842,
          "mean": 139.9877768932915,
          "p50": 2.3202637164504267,
          "p90": 55.0,
          "p95": 102.5301708118145,
          "p99": 3770.378402612112,
          "max": 25380.91569876512
        },
        "DPj": {
          "n": 16842,
          "mean": 589.7801923762023,
          "p50": 54.0,
          "p90": 72.0,
          "p95": 360.0,
          "p99": 15310.800000000017,
          "max": 105360.0
        },
        "APj": {
          "n": 16842,
          "mean": 0.0,
          "p50": 0.0,
          "p90": 0.0,
          "p95": 0.0,
          "p99": 0.0,
          "max": 0.0
        }
      }
    },
    "R2": {
      "served": 16614,
      "lost": 490,
      "quantiles": {
        "CTj": {
          "n": 16614,
          "mean": 804.8645720476707,
          "p50": 54.0,
          "p90": 288.0,
          "p95": 1320.0,
          "p99": 21548.879999999976,
          "max": 110040.0
        },
        "RPj": {
          "n": 16614,
          "mean": 32.260307738386366,
          "p50": 0.0,
          "p90": 43.21700106710946,
          "p95": 69.9985893991321,
          "p99": 736.6278575610726,
          "max": 4360.963048949061
        },
        "DPj": {
          "n": 16614,
          "mean": 755.9649693029975,
          "p50": 0.0,
          "p90": 144.0,
          "p95": 1320.0,
          "p99": 21548.879999999976,
          "max": 110040.0
        },
        "APj": {
          "n": 16614,
          "mean": 0.0,
          "p50": 0.0,
          "p90": 0.0,
          "p95": 0.0,
          "p99": 0.0,
          "max": 0.0
        }
      }
    }
  },
  "disruption/oldest": {
    "R1": {
      "served": 16836,
      "lost": 264,
      "quantiles": {
        "CTj": {
          "n": 16836,
          "mean": 452.4775481111903,
          "p50": 54.0,
          "p90": 72.0,
          "p95": 360.0,
          "p99": 11959.20000000007,
          "max": 63984.0
        },
        "RPj": {
          "n": 16836,
          "mean": 107.17600292214156,
          "p50": 2.3885073587262013,
          "p90": 55.0,
          "p95": 101.85198610577936,
          "p99": 2911.2297022353796,
          "max": 16105.159053009265
        },
        "DPj": {
          "n": 16836,
          "mean": 452.4775481111903,
          "p50": 54.0,
          "p90": 72.0,
          "p95": 360.0,
          "p99": 11959.20000000007,
          "max": 63984.0
        },
        "APj": {
          "n": 16836,
          "mean": 0.0,
          "p50": 0.0,
          "p90": 0.0,
          "p95": 0.0,
          "p99": 0.0,
          "max": 0.0
        }
      }
    },
    "R2": {
      "served": 16620,
      "lost": 489,
      "quantiles": {
        "CTj": {
          "n": 16620,
          "mean": 488.82418772563176,
          "p50": 54.0,
          "p90": 266.40000000000873,
          "p95": 1225.1999999999825,
          "p99": 12878.880000000063,
          "max": 51672.0
        },
        "RPj": {
          "n": 16620,
          "mean": 19.55185241371235,
          "p50": 0.0,
          "p90": 42.32929972128477,
          "p95": 67.31000152444176,
          "p99": 477.84792101109105,
          "max": 1794.7449462826335
        },
        "DPj": {
          "n": 16620,
          "mean": 439.7610108303249,
          "p50": 0.0,
          "p90": 144.0,
          "p95": 1225.1999999999825,
          "p99": 12878.880000000063,
          "max": 51672.0
        },
        "APj": {
          "n": 16620,
          "mean": 0.0,
          "p50": 0.0,
          "p90": 0.0,
          "p95": 0.0,
          "p99": 0.0,
          "max": 0.0
        }
      }
    }
  },
  "elapsed/largest": {
    "R1": {
      "served": 16842,
      "lost": 256,
      "quantiles": {
        "CTj": {
          "n": 16842,
          "mean": 589.7801923762023,
          "p50": 54.0,
          "p90": 72.0,
          "p95": 360.0,
          "p99": 15310.800000000017,
          "max": 105360.0
        },
        "RPj": {
          "n": 16842,
          "mean": 589.4824842655266,
          "p50": 54.0,
          "p90": 72.0,
          "p95": 360.0,
          "p99": 15310.800000000017,
          "max": 105288.0
        },
        "DPj": {
          "n": 16842,
          "mean": 589.7801923762023,
          "p50": 54.0,
          "p90": 72.0,
          "p95": 360.0,
          "p99": 15310.800000000017,
          "max": 105360.0
        },
        "APj": {
          "n": 16842,
          "mean": 0.0,
          "p50": 0.0,
          "p90": 0.0,
          "p95": 0.0,
          "p99": 0.0,
          "max": 0.0
        }
      }
    },
    "R2": {
      "served": 16614,
      "lost": 490,
      "quantiles": {
        "CTj": {
          "n": 16614,
          "mean": 804.8645720476707,
          "p50": 54.0,
          "p90": 288.0,
          "p95": 1320.0,
          "p99": 21548.879999999976,
          "max": 110040.0
        },
        "RPj": {
          "n": 16614,
          "mean": 732.7102443722162,
          "p50": 0.0,
          "p90": 96.0,
          "p95": 1068.0499999999956,
          "p99": 21331.039999999906,
          "max": 109699.0
        },
        "DPj": {
          "n": 16614,
          "mean": 755.9649693029975,
          "p50": 0.0,
          "p90": 144.0,
          "p95": 1320.0,
          "p99": 21548.879999999976,
          "max": 110040.0
        },
        "APj": {
          "n": 16614,
          "mean": 0.0,
          "p50": 0.0,
          "p90": 0.0,
          "p95": 0.0,
          "p99": 0.0,
          "max": 0.0
        }
      }
    }
  }
}