{
  "horizon_hours": 40320,
  "seeds": [
    11,
    22,
    33,
    44,
    55,
    66,
    77,
    88
  ],
  "modes": {
    "legacy_renewal": {
      "R11": {
        "mean_per_year": 93.32500000000002,
        "std_per_year": 2.670339732265221,
        "n_seeds": 8
      },
      "R12": {
        "mean_per_year": 1.2,
        "std_per_year": 0.21380899352993946,
        "n_seeds": 8
      },
      "R13": {
        "mean_per_year": 8.325,
        "std_per_year": 0.700510018282598,
        "n_seeds": 8
      },
      "R14": {
        "mean_per_year": 109.35,
        "std_per_year": 1.6552945357246849,
        "n_seeds": 8
      },
      "R21": {
        "mean_per_year": 0.975,
        "std_per_year": 0.3615443067098218,
        "n_seeds": 8
      },
      "R22": {
        "mean_per_year": 3.875,
        "std_per_year": 0.7324128422062051,
        "n_seeds": 8
      },
      "R23": {
        "mean_per_year": 1.9249999999999998,
        "std_per_year": 0.2121320343559643,
        "n_seeds": 8
      },
      "R24": {
        "mean_per_year": 23.700000000000003,
        "std_per_year": 0.9971387638065802,
        "n_seeds": 8
      },
      "R3": {
        "mean_per_year": 0.1,
        "std_per_year": 0.10690449676496976,
        "n_seeds": 8
      }
    },
    "thesis_periodic": {
      "R11": {
        "mean_per_year": 47.349999999999994,
        "std_per_year": 0.09258200997725317,
        "n_seeds": 8
      },
      "R12": {
        "mean_per_year": 1.125,
        "std_per_year": 0.1832250762625808,
        "n_seeds": 8
      },
      "R13": {
        "mean_per_year": 29.0,
        "std_per_year": 0.6761234037828129,
        "n_seeds": 8
      },
      "R14": {
        "mean_per_year": 111.95,
        "std_per_year": 1.6962142721787392,
        "n_seeds": 8
      },
      "R21": {
        "mean_per_year": 0.525,
        "std_per_year": 0.10350983390135311,
        "n_seeds": 8
      },
      "R22": {
        "mean_per_year": 2.0,
        "std_per_year": 0.0,
        "n_seeds": 8
      },
      "R23": {
        "mean_per_year": 1.0,
        "std_per_year": 0.0,
        "n_seeds": 8
      },
      "R24": {
        "mean_per_year": 12.0,
        "std_per_year": 0.0,
        "n_seeds": 8
      },
      "R3": {
        "mean_per_year": 0.1,
        "std_per_year": 0.10690449676496976,
        "n_seeds": 8
      }
    }
  }
}