{
  "seeds": [
    101,
    202,
    303
  ],
  "n_years": 8,
  "thesis": {
    "Pt": [
      711808.0,
      901131.0,
      806454.0,
      719344.0,
      731016.0,
      629429.0,
      707203.0,
      728878.0
    ],
    "ECS": [
      725021.0,
      773675.0,
      735389.0,
      771434.0,
      888776.0,
      712315.0,
      732883.0,
      801239.0
    ],
    "RMSE": 87918.0
  },
  "stochastic_thesis_faithful": {
    "per_seed": [
      [
        707236.0,
        703726.0,
        717503.0,
        707435.5,
        714563.5,
        715518.0,
        714967.0,
        691797.5
      ],
      [
        682101.0,
        708655.5,
        706764.0,
        718196.0,
        686133.5,
        719911.5,
        709499.5,
        719083.0
      ],
      [
        693723.0,
        711341.0,
        714658.0,
        719890.0,
        709797.0,
        720761.0,
        696937.5,
        717786.0
      ]
    ],
    "mean_per_year": [
      694353.3333333334,
      707907.5,
      712975.0,
      715173.8333333334,
      703498.0,
      718730.1666666666,
      707134.6666666666,
      709555.5
    ],
    "report": {
      "label": "Stochastic thesis-faithful (mean of 3 seeds)",
      "ecs": [
        694353.3333333334,
        707907.5,
        712975.0,
        715173.8333333334,
        703498.0,
        718730.1666666666,
        707134.6666666666,
        709555.5
      ],
      "mean": 708666.0,
      "rmse_vs_pt": 83292.40844717214,
      "rmse_vs_thesis_ecs": 80909.97780978904
    }
  },
  "deterministic_no_risks_audit_config": {
    "per_year": [
      738432.0,
      738432.0,
      738432.0,
      738432.0,
      738432.0,
      738432.0,
      738432.0,
      738432.0
    ],
    "report": {
      "label": "Deterministic no-risks (audit-doc config)",
      "ecs": [
        738432.0,
        738432.0,
        738432.0,
        738432.0,
        738432.0,
        738432.0,
        738432.0,
        738432.0
      ],
      "mean": 738432.0,
      "rmse_vs_pt": 75145.13176763349,
      "rmse_vs_thesis_ecs": 61013.5666245631
    }
  }
}