{
  "calibration": {
    "n": 200,
    "seed_start": 1040001
  },
  "endpoint_note": "unfulfilled_rations_at_horizon is terminal unmet quantity, not service-loss AUC; Cobb-Douglas fields are secondary inspired indices.",
  "forbidden_claims": [
    "full_des_confirmation",
    "cobb_douglas_rescue",
    "virgin_mfsc_confirmation"
  ],
  "frozen_best_periodic_static": [
    "A",
    "B",
    "A",
    "B"
  ],
  "gate": "PROGRAM_G_TERMINAL_METRIC_AUDIT_V1",
  "locked_terminal_test": {
    "n": 400,
    "seed_start": 1050001
  },
  "means": {
    "best_periodic_static": {
      "attended_orders": 43.13,
      "cd_sigmoid": 0.5066747749813132,
      "cd_spatial": 1.1222138091152902,
      "ret_order": 0.5073072479268222,
      "ret_quantity": 0.498793294475828,
      "unfulfilled_rations_at_horizon": 7746.62,
      "worst_cssu_fill": 0.8464574007511749
    },
    "cover": {
      "attended_orders": 39.6225,
      "cd_sigmoid": 0.5111871235487547,
      "cd_spatial": 1.1690226647893167,
      "ret_order": 0.48413271166931826,
      "ret_quantity": 0.4918387988641667,
      "unfulfilled_rations_at_horizon": 11116.8975,
      "worst_cssu_fill": 0.6731019704307265
    },
    "mpc": {
      "attended_orders": 40.6475,
      "cd_sigmoid": 0.5093046707625528,
      "cd_spatial": 1.153737680321491,
      "ret_order": 0.4861203738683303,
      "ret_quantity": 0.4904915810444179,
      "unfulfilled_rations_at_horizon": 9855.347083333332,
      "worst_cssu_fill": 0.7213973185385132
    },
    "ret_tree_depth3": {
      "attended_orders": 39.6225,
      "cd_sigmoid": 0.5111871235487547,
      "cd_spatial": 1.1690226647893167,
      "ret_order": 0.48413271166931826,
      "ret_quantity": 0.4918387988641667,
      "unfulfilled_rations_at_horizon": 11116.8975,
      "worst_cssu_fill": 0.6731019704307265
    },
    "service_tree_depth3": {
      "attended_orders": 39.6225,
      "cd_sigmoid": 0.5111871235487547,
      "cd_spatial": 1.1690226647893167,
      "ret_order": 0.48413271166931826,
      "ret_quantity": 0.4918387988641667,
      "unfulfilled_rations_at_horizon": 11116.8975,
      "worst_cssu_fill": 0.6731019704307265
    }
  },
  "passing_observable_policies": [],
  "policy_audits": {
    "cover": {
      "gates": {
        "attended_noninferior": false,
        "ret_order_positive": false,
        "ret_quantity_noninferior": false,
        "same_resource_rights": true,
        "unfulfilled_noninferior": false,
        "worst_cssu_fill_noninferior": false
      },
      "paired_delta_ci95": {
        "attended_orders": [
          -3.5075,
          -4.145124999999999,
          -2.9497500000000016
        ],
        "ret_order": [
          -0.02317453625750402,
          -0.028162880439771405,
          -0.018928269844804356
        ],
        "ret_quantity": [
          -0.00695449561166123,
          -0.008688414592678132,
          -0.005484890065843363
        ],
        "unfulfilled_rations_at_horizon": [
          3370.2775,
          2831.2709375,
          3970.8655624999997
        ],
        "worst_cssu_fill": [
          -0.17335543032044837,
          -0.20330147948914484,
          -0.1465781613815386
        ]
      },
      "passes_all": false
    },
    "mpc": {
      "gates": {
        "attended_noninferior": false,
        "ret_order_positive": false,
        "ret_quantity_noninferior": false,
        "same_resource_rights": true,
        "unfulfilled_noninferior": false,
        "worst_cssu_fill_noninferior": false
      },
      "paired_delta_ci95": {
        "attended_orders": [
          -2.4825,
          -3.0175,
          -2.0199375
        ],
        "ret_order": [
          -0.021186874058491956,
          -0.02554859191998398,
          -0.017183620638142404
        ],
        "ret_quantity": [
          -0.008301713431410047,
          -0.010945603202132049,
          -0.005787636907143664
        ],
        "unfulfilled_rations_at_horizon": [
          2108.727083333333,
          1645.1101354166665,
          2630.490531249999
        ],
        "worst_cssu_fill": [
          -0.12506008221266188,
          -0.1504722372790234,
          -0.10249772388015387
        ]
      },
      "passes_all": false
    },
    "ret_tree_depth3": {
      "gates": {
        "attended_noninferior": false,
        "ret_order_positive": false,
        "ret_quantity_noninferior": false,
        "same_resource_rights": true,
        "unfulfilled_noninferior": false,
        "worst_cssu_fill_noninferior": false
      },
      "paired_delta_ci95": {
        "attended_orders": [
          -3.5075,
          -4.145124999999999,
          -2.9497500000000016
        ],
        "ret_order": [
          -0.02317453625750402,
          -0.028162880439771405,
          -0.018928269844804356
        ],
        "ret_quantity": [
          -0.00695449561166123,
          -0.008688414592678132,
          -0.005484890065843363
        ],
        "unfulfilled_rations_at_horizon": [
          3370.2775,
          2831.2709375,
          3970.8655624999997
        ],
        "worst_cssu_fill": [
          -0.17335543032044837,
          -0.20330147948914484,
          -0.1465781613815386
        ]
      },
      "passes_all": false
    },
    "service_tree_depth3": {
      "gates": {
        "attended_noninferior": false,
        "ret_order_positive": false,
        "ret_quantity_noninferior": false,
        "same_resource_rights": true,
        "unfulfilled_noninferior": false,
        "worst_cssu_fill_noninferior": false
      },
      "paired_delta_ci95": {
        "attended_orders": [
          -3.5075,
          -4.145124999999999,
          -2.9497500000000016
        ],
        "ret_order": [
          -0.02317453625750402,
          -0.028162880439771405,
          -0.018928269844804356
        ],
        "ret_quantity": [
          -0.00695449561166123,
          -0.008688414592678132,
          -0.005484890065843363
        ],
        "unfulfilled_rations_at_horizon": [
          3370.2775,
          2831.2709375,
          3970.8655624999997
        ],
        "worst_cssu_fill": [
          -0.17335543032044837,
          -0.20330147948914484,
          -0.1465781613815386
        ]
      },
      "passes_all": false
    }
  },
  "scope": "stylized_program_g_order_adapter_not_full_des",
  "verdict": "STOP_PROGRAM_G_NO_ROBUST_ADAPTIVE_VALUE_UNDER_STYLIZED_CONTRACT"
}
