{
  "calendar_count": 256,
  "cells": [
    {
      "best_static_calendar": [
        "C_MAJOR",
        "C_MAJOR",
        "C_MAJOR",
        "C_MAJOR",
        "C_MAJOR",
        "C_MAJOR",
        "C_MAJOR",
        "C_MAJOR"
      ],
      "best_static_calendar_index": 0,
      "cell_id": "rho75_share75",
      "observed_h_pi": 0.16448529209167592,
      "oracle_minus_static_full_ret": 0.2238677727807237,
      "oracle_minus_static_unfulfilled_quantity": -12291.666666666666,
      "oracle_minus_static_worst_product_fill": 0.1778272088945236,
      "passes": true,
      "simultaneous_lcb95": 0.11414561377620609,
      "tape_hashes": [
        "2b17e08204725785bbd12d902c618682e9089863e14a5ef2f22b63952aca5056",
        "d686267da36800becbf1c4ecda45b69c34e65c615929e1c4bba50a364c953968",
        "5f7aa2409fd37b6e99565dc11335f1e9392cee1d1b296c41c800afc112bf9ff1",
        "46e55ab9881e6ba7902146205ac20159b46e9335fa4e7898d5ede6ce9c4b3fb4",
        "e69bfe16cb1d1152c824991bb7c9190d378570dd7cd8fa4d1cbfa0c2ef158805",
        "cdb31b2327bac1e151e57fde7076ff4abd139c2ce120e1b7e7ce36edc4b0d345",
        "dc369d07ee627f03a3bfa48f1a112d37f9778657c5baa7731be1acfa46cd4881",
        "a6798b6e97e22a36afb70c6d6940e98e849f9625ec22200d445abf91b2bdf7e1",
        "5af1ad7237fb94a91e607e6717d7acb017eabdfad285977a037eef5159bb8fbf",
        "5fd7fdf1172c250eeb6977e99022bebcce9458744b18d176eb785ea5fbe0ab39",
        "945c9c3b92dccddb535c3a43f5d1f8f13ce2fb220fb1e525d01ff12274c0a35e",
        "0384f0aad1b402d061f4b737c2fdcc8bae2bb843c8b663754fc45ee2db062171",
        "1ec9f9a3c7ae307e9f56f2bf643404fd03b80767831384f371eda76913230e71",
        "096009274c0ef22f6bc8699465f3d830ec90789259bec42289c69705914e807f",
        "2f8b71fee3f2550d68dc81b3e5579fcc568efb27d46e5899019bea8526fe893c",
        "bf7a64787f1c923d4b0e46dfde57805d8607e9b3fc5f027cbb38d19871fd39e8",
        "1ae0ec0acb99a218ce1a43902e46537760bda67ccede6675b592f272e7f90f66",
        "8895f15f84461ff83af7fec17a20294fc78c9c50f00b8eb9a1e43f7bb8177867",
        "d4bd7ece808aab147f4f1979aecba7467565f9b836e0847b9a4aa77211615766",
        "b4752ea524bc112dcfc6d3f7d37dc10deaed0380d3f2202cc88bbb67eaca683f",
        "94752f92e9f3e35ce7dc6a7fdfcf0724712313204168e05ce8ec2254667b0e7e",
        "f695464e826e9d97a822d58e683f0d788e22d2e279e5918aec11930597eb46a6",
        "c61d375e4e5d3c3ca708b66d672d61fd2a988907e67e600667e860c14ad4b0c0",
        "a4f7cdc0e4e5aea2c470e8767a8af5f04466eec7c48513b71d517363f625b7cb"
      ],
      "unique_oracle_calendars": 19
    },
    {
      "best_static_calendar": [
        "C_MAJOR",
        "C_MAJOR",
        "C_MAJOR",
        "C_MAJOR",
        "C_MAJOR",
        "C_MAJOR",
        "C_MAJOR",
        "C_MAJOR"
      ],
      "best_static_calendar_index": 0,
      "cell_id": "rho75_share90",
      "observed_h_pi": 0.12845452083896094,
      "oracle_minus_static_full_ret": 0.13859841817677465,
      "oracle_minus_static_unfulfilled_quantity": -6979.166666666667,
      "oracle_minus_static_worst_product_fill": 0.1105279792197444,
      "passes": true,
      "simultaneous_lcb95": 0.07811484252349112,
      "tape_hashes": [
        "be33a08fda5bc5f070727f4557a67dbe3c717d967095b61adca0ee4271c63efb",
        "6d1ba1895f965743d2d9e05165da77ba1a46b9aa222c03d9106876e7f27b1fed",
        "7971aa3cd851e08f0045b71650735289058e97e55c4c1f9da8ca050562d699da",
        "234a956276ea2cc0c2018b4af04b021ee6dc2c109684fe86d1728271a63f1298",
        "00293d57384e1fe486cccff187fe3887726d892e0e48a0e495bff18e6bcdd554",
        "65a50965f0fc0964da3dd16ae021d1db0a58eae6a426d6870b60022a3ba4b5aa",
        "56fc2357f9bfcdd6e0a1e527beed6298debd63bbbb7724e20c61729435797388",
        "8b45649cd0edaafe3867cca2ccf9a821bc849c85c6e7bf807e900da52837b9cf",
        "6d91ca2a978c6e5d83f47f331c702639bd684b801a7989a3b5e59ea121459dd5",
        "9cd99c54fcc368ee1fa351cca7d0ef4e1ce810c5b2c99d92c0bde745553fdace",
        "c200d4b333ba8921f6132c5438aae9eff09231e5e99ebfcea187dc1d31b9c8c2",
        "149ed31abd75c9fe6e59eb3f304060da18e123377d52bd0b1a6439849dbd00e7",
        "e0c23b8eca16dacde9c9576773d58d4bf342df784547e03c5bd3cef4e5571d4b",
        "8ac4f497d6a8aa1dda0e1a886edb94d71a877acd176be07de0076bb05f0fdf25",
        "97d7a61a4b0767448bb0f8bbdc9c59c6f782db8a1019e251e1a7af34ee70f90b",
        "461295c98632aa604f1849d1616a763358b7f6586dd844cd60cdd9ac5a54d2e8",
        "4df85b6d14748f10b9826c00abded698a95d0e0c44201f7aada9892eeedd9202",
        "052193ddb49d30f4f3cd07a87b773ca4865db69411041f3e35824aca7805a9be",
        "060775c9aff87491ae4e0fb98caa1e7e4a5ba24c7ebef5535c21dc9a1e346106",
        "8ee9fe5c18b927957ca2e6443eb7c24a8fb82f9f6fe7cf67079c4b096a139387",
        "8f7429a54e383629664e0af125c4412d0f61542d65cf5f3df206ccdfef9dbde9",
        "b0e3f5adf6a2deadea6662f080742d0240face21c408901ac45b9c0216f827c0",
        "80e1adc2a725a66a24bd5fce32ae1887ec575c6350d747e09a6fbc7ecb6849aa",
        "4b892c0fca2c3fd7de27eb5220cf56c6d530b30ae2c858bb285508f27e833ab4"
      ],
      "unique_oracle_calendars": 15
    },
    {
      "best_static_calendar": [
        "C_MAJOR",
        "C_MAJOR",
        "C_MAJOR",
        "C_MAJOR",
        "C_MAJOR",
        "C_MAJOR",
        "C_MAJOR",
        "C_MAJOR"
      ],
      "best_static_calendar_index": 0,
      "cell_id": "rho90_share75",
      "observed_h_pi": 0.16203099747639588,
      "oracle_minus_static_full_ret": 0.2143849763853234,
      "oracle_minus_static_unfulfilled_quantity": -13958.333333333334,
      "oracle_minus_static_worst_product_fill": 0.18968188555125698,
      "passes": true,
      "simultaneous_lcb95": 0.11169131916092605,
      "tape_hashes": [
        "add9c7212220b72539de09ee576cab2313d38cc711dbf3daea72678610c9988a",
        "d686267da36800becbf1c4ecda45b69c34e65c615929e1c4bba50a364c953968",
        "5f7aa2409fd37b6e99565dc11335f1e9392cee1d1b296c41c800afc112bf9ff1",
        "7c8ad4fc7298750949a1cdb7578c92bc6cebe3a2b60379292a54b3fb3e17bda4",
        "e69bfe16cb1d1152c824991bb7c9190d378570dd7cd8fa4d1cbfa0c2ef158805",
        "c3c20b0fbd1bb48634028ff584b917b311799c0b49288276e915f1601a3c8676",
        "39bf908805a83bd20b0cb38483c9812a32346ebac5566d8b1677b8732f2a11e5",
        "a6798b6e97e22a36afb70c6d6940e98e849f9625ec22200d445abf91b2bdf7e1",
        "5af1ad7237fb94a91e607e6717d7acb017eabdfad285977a037eef5159bb8fbf",
        "449cd6521f206943f070d50ad9f6e5c328b5c9213a78b5091ba9156c53e67def",
        "575eca7a51e4511328cbc6685f6650c7a38340a063cd8d8dbea2b3fbd395ffa3",
        "4cc953cdff27c510c5a871ff3069f66ba738a1aff6a12dab34e0d85f6ffbcfd6",
        "1ec9f9a3c7ae307e9f56f2bf643404fd03b80767831384f371eda76913230e71",
        "45d1a22ede89e12296f72087596fa372c7c3bce5554888e8e2c2641ae9def2fb",
        "5f4c845136fdc737bb9fd8a895ba6f73c8485e25824d805c60e9d41d8963e2e6",
        "bf7a64787f1c923d4b0e46dfde57805d8607e9b3fc5f027cbb38d19871fd39e8",
        "1ae0ec0acb99a218ce1a43902e46537760bda67ccede6675b592f272e7f90f66",
        "e2be5938be66ed4d8dc0f88a2094c466ea14c37e87a7be60aad928922b706d7f",
        "d4bd7ece808aab147f4f1979aecba7467565f9b836e0847b9a4aa77211615766",
        "b4752ea524bc112dcfc6d3f7d37dc10deaed0380d3f2202cc88bbb67eaca683f",
        "df3217fd381eabfd30fa4de69f12febbe18235217b5ee91675e6c2f1456daff2",
        "698ab12cb6acb8d2d84cd1e003f79b419c941da19dc97eb33fd9fe43080453ef",
        "c61d375e4e5d3c3ca708b66d672d61fd2a988907e67e600667e860c14ad4b0c0",
        "6b7655db37d76921498daaf27ac3054ea4c9005516c1171df2308005389ab191"
      ],
      "unique_oracle_calendars": 19
    },
    {
      "best_static_calendar": [
        "C_MAJOR",
        "C_MAJOR",
        "C_MAJOR",
        "C_MAJOR",
        "C_MAJOR",
        "C_MAJOR",
        "C_MAJOR",
        "C_MAJOR"
      ],
      "best_static_calendar_index": 0,
      "cell_id": "rho90_share90",
      "observed_h_pi": 0.13544172661506512,
      "oracle_minus_static_full_ret": 0.12810052150004667,
      "oracle_minus_static_unfulfilled_quantity": -4062.5,
      "oracle_minus_static_worst_product_fill": 0.06826975643080234,