{
  "calibration_sha256": "4da475a952f861e662148e82f36f7a9687f2c85b550c7cf0eea3a46f193963f5",
  "clip": 10.0,
  "fields": [
    "buffer_level_fraction",
    "effective_shift_fraction",
    "pending_shift_fraction",
    "raw_material_wdc",
    "raw_material_al",
    "rations_al",
    "rations_sb",
    "rations_sb_dispatch",
    "rations_cssu",
    "rations_theatre",
    "pending_batch",
    "in_transit",
    "pending_backorder_qty",
    "pending_backorder_count",
    "oldest_backorder_age_hours",
    "previous_week_demanded",
    "previous_week_produced",
    "previous_week_delivered",
    "rolling_fill_rate_4w",
    "previous_week_capacity_utilization",
    "fraction_operations_down",
    "previous_week_downtime_hours",
    "week_phase_sin",
    "week_phase_cos"
  ],
  "mean": [
    0.5000000074505806,
    0.5160289797008547,
    0.517424545940171,
    1743989.8010016026,
    397726.07139423076,
    214.00240384615384,
    619981.5099893162,
    0.0,
    0.0,
    0.0,
    2768.0112479967947,
    5068.589770299145,
    12771.068035523504,
    4.97900641025641,
    833.1532696294479,
    15467.974138621796,
    25190.94136952457,
    15095.121988514957,
    0.9404010793452875,
    0.859532088372856,
    0.02357002039057895,
    91.03652291854199,
    0.0,
    0.0
  ],
  "std": [
    0.3415661680934759,
    0.3898709554066444,
    0.38932256989688885,
    455149.3124319421,
    401479.62597811356,
    901.0738522243113,
    647047.5022335988,
    1.0,
    1.0,
    1.0,
    1723.3207032987139,
    4415.320875516447,
    36383.506002031965,
    14.209657128354543,
    2652.079997850111,
    1901.48744234567,
    11774.263972691706,
    4599.255922151098,
    0.13650621359111642,
    0.23050926014866557,
    0.07001919515230248,
    147.1210705370081,
    0.7071091424242292,
    0.7071091424242293
  ]
}